,trace_key,task_id,chain_length
0,set_a/task1/trace_001,1,4
1,set_a/task1/trace_001,1,5
2,set_a/task1/trace_001,1,4
3,set_a/task1/trace_001,1,3
4,set_a/task1/trace_001,1,2
5,set_a/task1/trace_001,1,3
6,set_a/task1/trace_002,1,2
7,set_a/task1/trace_002,1,4
8,set_a/task1/trace_002,1,3
9,set_a/task1/trace_002,1,3
10,set_a/task1/trace_002,1,2
11,set_a/task1/trace_002,1,2
12,set_a/task1/trace_002,1,2
13,set_a/task1/trace_002,1,3
14,set_a/task1/trace_002,1,2
15,set_a/task1/trace_002,1,2
16,set_a/task1/trace_002,1,5
17,set_a/task1/trace_002,1,2
18,set_a/task1/trace_002,1,3
19,set_a/task1/trace_002,1,2
20,set_a/task1/trace_003,1,3
21,set_a/task1/trace_003,1,2
22,set_a/task1/trace_004,1,2
23,set_a/task1/trace_004,1,2
24,set_a/task1/trace_004,1,4
25,set_a/task1/trace_004,1,3
26,set_a/task1/trace_004,1,2
27,set_a/task1/trace_004,1,2
28,set_a/task1/trace_004,1,2
29,set_a/task1/trace_004,1,4
30,set_a/task1/trace_004,1,4
31,set_a/task1/trace_004,1,3
32,set_a/task1/trace_004,1,3
33,set_a/task1/trace_005,1,2
34,set_a/task1/trace_005,1,2
35,set_a/task1/trace_005,1,5
36,set_a/task1/trace_005,1,4
37,set_a/task1/trace_005,1,2
38,set_a/task1/trace_005,1,4
39,set_a/task1/trace_005,1,2
40,set_a/task1/trace_005,1,2
41,set_a/task1/trace_005,1,2
42,set_a/task1/trace_006,1,3
43,set_a/task1/trace_006,1,3
44,set_a/task1/trace_006,1,2
45,set_a/task1/trace_006,1,2
46,set_a/task1/trace_006,1,3
47,set_a/task1/trace_006,1,3
48,set_a/task1/trace_006,1,2
49,set_a/task1/trace_006,1,2
50,set_a/task1/trace_006,1,2
51,set_a/task1/trace_006,1,2
52,set_a/task1/trace_006,1,2
53,set_a/task1/trace_006,1,3
54,set_a/task1/trace_006,1,2
55,set_a/task1/trace_006,1,2
56,set_a/task1/trace_007,1,2
57,set_a/task1/trace_007,1,2
58,set_a/task1/trace_007,1,3
59,set_a/task1/trace_007,1,2
60,set_a/task1/trace_007,1,2
61,set_a/task1/trace_007,1,10
62,set_a/task1/trace_007,1,2
63,set_a/task1/trace_007,1,2
64,set_a/task1/trace_007,1,2
65,set_a/task1/trace_007,1,3
66,set_a/task1/trace_008,1,2
67,set_a/task1/trace_008,1,3
68,set_a/task1/trace_008,1,3
69,set_a/task1/trace_009,1,2
70,set_a/task1/trace_009,1,6
71,set_a/task1/trace_009,1,2
72,set_a/task1/trace_009,1,2
73,set_a/task1/trace_009,1,4
74,set_a/task1/trace_009,1,2
75,set_a/task1/trace_009,1,2
76,set_a/task1/trace_009,1,4
77,set_a/task1/trace_009,1,2
78,set_a/task1/trace_010,1,2
79,set_a/task1/trace_010,1,4
80,set_a/task1/trace_010,1,3
81,set_a/task1/trace_010,1,3
82,set_a/task1/trace_010,1,4
83,set_a/task1/trace_010,1,5
84,set_a/task1/trace_010,1,2
85,set_a/task1/trace_010,1,4
86,set_a/task1/trace_010,1,3
87,set_a/task1/trace_010,1,2
88,set_a/task1/trace_010,1,2
89,set_a/task1/trace_010,1,2
90,set_a/task1/trace_010,1,6
91,set_a/task1/trace_010,1,3
92,set_a/task1/trace_010,1,3
93,set_a/task1/trace_010,1,4
94,set_a/task1/trace_011,1,3
95,set_a/task1/trace_011,1,3
96,set_a/task1/trace_011,1,2
97,set_a/task1/trace_011,1,4
98,set_a/task1/trace_011,1,3
99,set_a/task1/trace_012,1,3
100,set_a/task1/trace_012,1,2
101,set_a/task1/trace_012,1,5
102,set_a/task1/trace_012,1,3
103,set_a/task1/trace_012,1,2
104,set_a/task1/trace_012,1,2
105,set_a/task1/trace_012,1,4
106,set_a/task1/trace_012,1,2
107,set_a/task1/trace_013,1,5
108,set_a/task1/trace_013,1,2
109,set_a/task1/trace_013,1,2
110,set_a/task1/trace_013,1,2
111,set_a/task1/trace_013,1,3
112,set_a/task1/trace_013,1,2
113,set_a/task1/trace_013,1,2
114,set_a/task1/trace_013,1,2
115,set_a/task1/trace_013,1,2
116,set_a/task1/trace_013,1,3
117,set_a/task1/trace_014,1,2
118,set_a/task1/trace_015,1,2
119,set_a/task1/trace_015,1,2
120,set_a/task1/trace_015,1,3
121,set_a/task1/trace_015,1,2
122,set_a/task1/trace_015,1,4
123,set_a/task1/trace_016,1,2
124,set_a/task1/trace_016,1,3
125,set_a/task1/trace_016,1,2
126,set_a/task1/trace_016,1,2
127,set_a/task1/trace_016,1,3
128,set_a/task1/trace_016,1,2
129,set_a/task1/trace_017,1,3
130,set_a/task1/trace_017,1,3
131,set_a/task1/trace_017,1,4
132,set_a/task1/trace_017,1,2
133,set_a/task1/trace_017,1,2
134,set_a/task1/trace_017,1,2
135,set_a/task1/trace_017,1,2
136,set_a/task1/trace_017,1,2
137,set_a/task1/trace_017,1,2
138,set_a/task1/trace_018,1,3
139,set_a/task1/trace_018,1,2
140,set_a/task1/trace_018,1,3
141,set_a/task1/trace_018,1,2
142,set_a/task1/trace_018,1,2
143,set_a/task1/trace_018,1,2
144,set_a/task1/trace_018,1,7
145,set_a/task1/trace_018,1,2
146,set_a/task1/trace_018,1,2
147,set_a/task1/trace_018,1,2
148,set_a/task1/trace_018,1,4
149,set_a/task1/trace_018,1,2
150,set_a/task1/trace_018,1,2
151,set_a/task1/trace_019,1,2
152,set_a/task1/trace_019,1,3
153,set_a/task1/trace_019,1,2
154,set_a/task1/trace_019,1,5
155,set_a/task1/trace_019,1,2
156,set_a/task1/trace_019,1,3
157,set_a/task1/trace_019,1,2
158,set_a/task1/trace_019,1,4
159,set_a/task1/trace_019,1,2
160,set_a/task1/trace_019,1,3
161,set_a/task1/trace_019,1,2
162,set_a/task1/trace_019,1,2
163,set_a/task1/trace_020,1,2
164,set_a/task1/trace_020,1,2
165,set_a/task1/trace_021,1,4
166,set_a/task1/trace_021,1,2
167,set_a/task1/trace_021,1,6
168,set_a/task1/trace_021,1,2
169,set_a/task1/trace_021,1,2
170,set_a/task1/trace_021,1,6
171,set_a/task1/trace_021,1,3
172,set_a/task1/trace_021,1,5
173,set_a/task1/trace_021,1,2
174,set_a/task1/trace_022,1,3
175,set_a/task1/trace_022,1,3
176,set_a/task1/trace_022,1,2
177,set_a/task1/trace_022,1,2
178,set_a/task1/trace_022,1,6
179,set_a/task1/trace_022,1,2
180,set_a/task1/trace_022,1,3
181,set_a/task1/trace_022,1,2
182,set_a/task1/trace_022,1,3
183,set_a/task1/trace_022,1,2
184,set_a/task1/trace_023,1,2
185,set_a/task1/trace_023,1,3
186,set_a/task1/trace_023,1,6
187,set_a/task1/trace_023,1,2
188,set_a/task1/trace_023,1,3
189,set_a/task1/trace_024,1,3
190,set_a/task1/trace_024,1,2
191,set_a/task1/trace_025,1,2
192,set_a/task1/trace_025,1,5
193,set_a/task1/trace_025,1,2
194,set_a/task1/trace_025,1,2
195,set_a/task1/trace_025,1,2
196,set_a/task1/trace_025,1,6
197,set_a/task1/trace_025,1,2
198,set_a/task1/trace_025,1,2
199,set_a/task1/trace_025,1,5
200,set_a/task1/trace_025,1,2
201,set_a/task1/trace_026,1,2
202,set_a/task1/trace_026,1,5
203,set_a/task1/trace_027,1,2
204,set_a/task1/trace_027,1,5
205,set_a/task1/trace_027,1,3
206,set_a/task1/trace_027,1,4
207,set_a/task1/trace_027,1,3
208,set_a/task1/trace_027,1,2
209,set_a/task1/trace_027,1,2
210,set_a/task1/trace_027,1,7
211,set_a/task1/trace_027,1,2
212,set_a/task1/trace_027,1,4
213,set_a/task1/trace_027,1,2
214,set_a/task1/trace_028,1,2
215,set_a/task1/trace_028,1,2
216,set_a/task1/trace_029,1,2
217,set_a/task1/trace_029,1,2
218,set_a/task1/trace_029,1,2
219,set_a/task1/trace_029,1,2
220,set_a/task1/trace_029,1,4
221,set_a/task1/trace_030,1,3
222,set_a/task1/trace_030,1,2
223,set_a/task1/trace_030,1,2
224,set_a/task1/trace_030,1,2
225,set_a/task1/trace_031,1,3
226,set_a/task1/trace_031,1,2
227,set_a/task1/trace_031,1,3
228,set_a/task1/trace_031,1,3
229,set_a/task1/trace_031,1,2
230,set_a/task1/trace_031,1,3
231,set_a/task1/trace_032,1,2
232,set_a/task1/trace_032,1,5
233,set_a/task1/trace_033,1,4
234,set_a/task1/trace_033,1,3
235,set_a/task1/trace_033,1,2
236,set_a/task1/trace_034,1,2
237,set_a/task1/trace_034,1,2
238,set_a/task1/trace_034,1,2
239,set_a/task1/trace_034,1,3
240,set_a/task1/trace_034,1,3
241,set_a/task1/trace_034,1,3
242,set_a/task1/trace_034,1,2
243,set_a/task1/trace_035,1,3
244,set_a/task1/trace_035,1,3
245,set_a/task1/trace_035,1,2
246,set_a/task1/trace_035,1,2
247,set_a/task1/trace_035,1,2
248,set_a/task1/trace_035,1,2
249,set_a/task1/trace_035,1,2
250,set_a/task1/trace_035,1,2
251,set_a/task1/trace_036,1,3
252,set_a/task1/trace_036,1,3
253,set_a/task1/trace_036,1,2
254,set_a/task1/trace_036,1,2
255,set_a/task1/trace_037,1,2
256,set_a/task1/trace_037,1,2
257,set_a/task1/trace_037,1,4
258,set_a/task1/trace_037,1,4
259,set_a/task1/trace_037,1,3
260,set_a/task1/trace_037,1,3
261,set_a/task1/trace_037,1,2
262,set_a/task1/trace_037,1,5
263,set_a/task1/trace_037,1,3
264,set_a/task1/trace_037,1,2
265,set_a/task1/trace_038,1,2
266,set_a/task1/trace_039,1,2
267,set_a/task1/trace_039,1,2
268,set_a/task1/trace_039,1,3
269,set_a/task1/trace_039,1,2
270,set_a/task1/trace_039,1,4
271,set_a/task1/trace_039,1,4
272,set_a/task1/trace_040,1,2
273,set_a/task1/trace_040,1,5
274,set_a/task1/trace_040,1,5
275,set_a/task1/trace_040,1,2
276,set_a/task1/trace_040,1,3
277,set_a/task1/trace_040,1,2
278,set_a/task1/trace_040,1,2
279,set_a/task1/trace_040,1,2
280,set_a/task1/trace_040,1,4
281,set_a/task1/trace_040,1,2
282,set_a/task1/trace_040,1,2
283,set_a/task2/trace_001,2,3
284,set_a/task2/trace_001,2,4
285,set_a/task2/trace_001,2,2
286,set_a/task2/trace_001,2,2
287,set_a/task2/trace_001,2,4
288,set_a/task2/trace_001,2,2
289,set_a/task2/trace_002,2,2
290,set_a/task2/trace_002,2,3
291,set_a/task2/trace_002,2,6
292,set_a/task2/trace_002,2,2
293,set_a/task2/trace_002,2,2
294,set_a/task2/trace_002,2,2
295,set_a/task2/trace_002,2,3
296,set_a/task2/trace_002,2,2
297,set_a/task2/trace_003,2,2
298,set_a/task2/trace_003,2,2
299,set_a/task2/trace_003,2,2
300,set_a/task2/trace_003,2,2
301,set_a/task2/trace_003,2,3
302,set_a/task2/trace_003,2,2
303,set_a/task2/trace_003,2,2
304,set_a/task2/trace_003,2,5
305,set_a/task2/trace_003,2,5
306,set_a/task2/trace_003,2,2
307,set_a/task2/trace_003,2,2
308,set_a/task2/trace_004,2,2
309,set_a/task2/trace_004,2,4
310,set_a/task2/trace_004,2,2
311,set_a/task2/trace_004,2,2
312,set_a/task2/trace_004,2,3
313,set_a/task2/trace_004,2,2
314,set_a/task2/trace_004,2,2
315,set_a/task2/trace_004,2,2
316,set_a/task2/trace_004,2,2
317,set_a/task2/trace_004,2,2
318,set_a/task2/trace_005,2,2
319,set_a/task2/trace_005,2,2
320,set_a/task2/trace_005,2,2
321,set_a/task2/trace_005,2,2
322,set_a/task2/trace_005,2,2
323,set_a/task2/trace_005,2,2
324,set_a/task2/trace_005,2,2
325,set_a/task2/trace_005,2,2
326,set_a/task2/trace_006,2,3
327,set_a/task2/trace_006,2,4
328,set_a/task2/trace_006,2,2
329,set_a/task2/trace_006,2,9
330,set_a/task2/trace_006,2,3
331,set_a/task2/trace_006,2,2
332,set_a/task2/trace_006,2,4
333,set_a/task2/trace_007,2,3
334,set_a/task2/trace_007,2,2
335,set_a/task2/trace_007,2,3
336,set_a/task2/trace_007,2,2
337,set_a/task2/trace_007,2,3
338,set_a/task2/trace_007,2,2
339,set_a/task2/trace_007,2,4
340,set_a/task2/trace_007,2,2
341,set_a/task2/trace_007,2,5
342,set_a/task2/trace_007,2,5
343,set_a/task2/trace_007,2,2
344,set_a/task2/trace_008,2,2
345,set_a/task2/trace_008,2,3
346,set_a/task2/trace_008,2,6
347,set_a/task2/trace_008,2,4
348,set_a/task2/trace_008,2,2
349,set_a/task2/trace_008,2,3
350,set_a/task2/trace_009,2,5
351,set_a/task2/trace_009,2,5
352,set_a/task2/trace_009,2,2
353,set_a/task2/trace_009,2,2
354,set_a/task2/trace_009,2,6
355,set_a/task2/trace_009,2,2
356,set_a/task2/trace_009,2,3
357,set_a/task2/trace_009,2,2
358,set_a/task2/trace_010,2,3
359,set_a/task2/trace_010,2,4
360,set_a/task2/trace_010,2,3
361,set_a/task2/trace_010,2,3
362,set_a/task2/trace_010,2,2
363,set_a/task2/trace_010,2,5
364,set_a/task2/trace_010,2,2
365,set_a/task2/trace_011,2,5
366,set_a/task2/trace_011,2,3
367,set_a/task2/trace_011,2,3
368,set_a/task2/trace_011,2,3
369,set_a/task2/trace_011,2,2
370,set_a/task2/trace_011,2,2
371,set_a/task2/trace_011,2,2
372,set_a/task2/trace_012,2,2
373,set_a/task2/trace_013,2,3
374,set_a/task2/trace_013,2,3
375,set_a/task2/trace_013,2,3
376,set_a/task2/trace_013,2,3
377,set_a/task2/trace_013,2,2
378,set_a/task2/trace_013,2,5
379,set_a/task2/trace_013,2,2
380,set_a/task2/trace_013,2,2
381,set_a/task2/trace_013,2,3
382,set_a/task2/trace_013,2,2
383,set_a/task2/trace_013,2,3
384,set_a/task2/trace_013,2,3
385,set_a/task2/trace_014,2,2
386,set_a/task2/trace_014,2,2
387,set_a/task2/trace_014,2,3
388,set_a/task2/trace_014,2,3
389,set_a/task2/trace_014,2,2
390,set_a/task2/trace_014,2,2
391,set_a/task2/trace_015,2,2
392,set_a/task2/trace_015,2,5
393,set_a/task2/trace_015,2,2
394,set_a/task2/trace_015,2,9
395,set_a/task2/trace_015,2,3
396,set_a/task2/trace_015,2,2
397,set_a/task2/trace_015,2,2
398,set_a/task2/trace_015,2,3
399,set_a/task2/trace_016,2,5
400,set_a/task2/trace_016,2,2
401,set_a/task2/trace_016,2,2
402,set_a/task2/trace_016,2,4
403,set_a/task2/trace_016,2,2
404,set_a/task2/trace_017,2,3
405,set_a/task2/trace_018,2,3
406,set_a/task2/trace_018,2,2
407,set_a/task2/trace_018,2,2
408,set_a/task2/trace_018,2,3
409,set_a/task2/trace_018,2,3
410,set_a/task2/trace_018,2,4
411,set_a/task2/trace_018,2,2
412,set_a/task2/trace_019,2,3
413,set_a/task2/trace_019,2,4
414,set_a/task2/trace_019,2,2
415,set_a/task2/trace_019,2,3
416,set_a/task2/trace_019,2,2
417,set_a/task2/trace_019,2,3
418,set_a/task2/trace_019,2,3
419,set_a/task2/trace_019,2,2
420,set_a/task2/trace_020,2,5
421,set_a/task2/trace_020,2,2
422,set_a/task2/trace_020,2,4
423,set_a/task2/trace_020,2,2
424,set_a/task2/trace_020,2,2
425,set_a/task2/trace_020,2,3
426,set_a/task2/trace_020,2,6
427,set_a/task2/trace_020,2,6
428,set_a/task2/trace_021,2,2
429,set_a/task2/trace_021,2,3
430,set_a/task2/trace_021,2,2
431,set_a/task2/trace_021,2,2
432,set_a/task2/trace_021,2,2
433,set_a/task2/trace_021,2,3
434,set_a/task2/trace_021,2,3
435,set_a/task2/trace_021,2,3
436,set_a/task2/trace_022,2,2
437,set_a/task2/trace_022,2,2
438,set_a/task2/trace_022,2,4
439,set_a/task2/trace_022,2,3
440,set_a/task2/trace_022,2,3
441,set_a/task2/trace_022,2,2
442,set_a/task2/trace_022,2,3
443,set_a/task2/trace_022,2,4
444,set_a/task2/trace_022,2,3
445,set_a/task2/trace_022,2,2
446,set_a/task2/trace_023,2,2
447,set_a/task2/trace_023,2,4
448,set_a/task2/trace_023,2,2
449,set_a/task2/trace_023,2,2
450,set_a/task2/trace_023,2,2
451,set_a/task2/trace_023,2,3
452,set_a/task2/trace_023,2,2
453,set_a/task2/trace_023,2,2
454,set_a/task2/trace_024,2,3
455,set_a/task2/trace_024,2,2
456,set_a/task2/trace_024,2,2
457,set_a/task2/trace_024,2,2
458,set_a/task2/trace_024,2,2
459,set_a/task2/trace_024,2,2
460,set_a/task2/trace_024,2,6
461,set_a/task2/trace_024,2,3
462,set_a/task2/trace_024,2,5
463,set_a/task2/trace_024,2,2
464,set_a/task2/trace_024,2,2
465,set_a/task2/trace_025,2,3
466,set_a/task2/trace_025,2,2
467,set_a/task2/trace_025,2,2
468,set_a/task2/trace_025,2,3
469,set_a/task2/trace_025,2,3
470,set_a/task2/trace_025,2,2
471,set_a/task2/trace_025,2,4
472,set_a/task2/trace_027,2,2
473,set_a/task2/trace_027,2,2
474,set_a/task2/trace_027,2,3
475,set_a/task2/trace_027,2,2
476,set_a/task2/trace_027,2,3
477,set_a/task2/trace_027,2,2
478,set_a/task2/trace_027,2,2
479,set_a/task2/trace_027,2,5
480,set_a/task2/trace_027,2,3
481,set_a/task2/trace_027,2,3
482,set_a/task2/trace_027,2,6
483,set_a/task2/trace_028,2,2
484,set_a/task2/trace_028,2,3
485,set_a/task2/trace_028,2,3
486,set_a/task2/trace_029,2,2
487,set_a/task2/trace_029,2,2
488,set_a/task2/trace_029,2,3
489,set_a/task2/trace_029,2,2
490,set_a/task2/trace_029,2,2
491,set_a/task2/trace_029,2,3
492,set_a/task2/trace_029,2,2
493,set_a/task2/trace_029,2,4
494,set_a/task2/trace_029,2,7
495,set_a/task2/trace_029,2,2
496,set_a/task2/trace_030,2,2
497,set_a/task2/trace_030,2,2
498,set_a/task2/trace_030,2,3
499,set_a/task2/trace_030,2,4
500,set_a/task2/trace_030,2,2
501,set_a/task2/trace_030,2,5
502,set_a/task2/trace_031,2,2
503,set_a/task2/trace_031,2,7
504,set_a/task2/trace_031,2,2
505,set_a/task2/trace_031,2,4
506,set_a/task2/trace_031,2,3
507,set_a/task2/trace_031,2,2
508,set_a/task2/trace_032,2,2
509,set_a/task2/trace_032,2,5
510,set_a/task2/trace_032,2,2
511,set_a/task2/trace_032,2,3
512,set_a/task2/trace_032,2,2
513,set_a/task2/trace_032,2,2
514,set_a/task2/trace_032,2,2
515,set_a/task2/trace_032,2,2
516,set_a/task2/trace_032,2,4
517,set_a/task2/trace_032,2,2
518,set_a/task2/trace_032,2,3
519,set_a/task2/trace_032,2,6
520,set_a/task2/trace_032,2,2
521,set_a/task2/trace_032,2,2
522,set_a/task2/trace_032,2,2
523,set_a/task2/trace_032,2,2
524,set_a/task2/trace_033,2,3
525,set_a/task2/trace_033,2,3
526,set_a/task2/trace_033,2,4
527,set_a/task2/trace_033,2,3
528,set_a/task2/trace_033,2,2
529,set_a/task2/trace_033,2,3
530,set_a/task2/trace_034,2,3
531,set_a/task2/trace_034,2,2
532,set_a/task2/trace_034,2,2
533,set_a/task2/trace_035,2,2
534,set_a/task2/trace_035,2,2
535,set_a/task2/trace_035,2,2
536,set_a/task2/trace_035,2,4
537,set_a/task2/trace_035,2,2
538,set_a/task2/trace_035,2,3
539,set_a/task2/trace_036,2,2
540,set_a/task2/trace_036,2,2
541,set_a/task2/trace_036,2,2
542,set_a/task2/trace_036,2,4
543,set_a/task2/trace_036,2,4
544,set_a/task2/trace_037,2,2
545,set_a/task2/trace_037,2,2
546,set_a/task2/trace_037,2,5
547,set_a/task2/trace_037,2,2
548,set_a/task2/trace_037,2,4
549,set_a/task2/trace_038,2,4
550,set_a/task2/trace_038,2,2
551,set_a/task2/trace_038,2,3
552,set_a/task2/trace_038,2,2
553,set_a/task2/trace_038,2,4
554,set_a/task2/trace_038,2,2
555,set_a/task2/trace_039,2,2
556,set_a/task2/trace_039,2,3
557,set_a/task2/trace_039,2,2
558,set_a/task2/trace_039,2,4
559,set_a/task2/trace_039,2,2
560,set_a/task2/trace_039,2,2
561,set_a/task2/trace_039,2,6
562,set_a/task2/trace_039,2,2
563,set_a/task2/trace_040,2,2
564,set_a/task2/trace_040,2,3
565,set_a/task2/trace_040,2,2
566,set_a/task2/trace_040,2,2
567,set_a/task2/trace_040,2,3
568,set_a/task2/trace_040,2,3
569,set_a/task3/trace_001,3,3
570,set_a/task3/trace_001,3,3
571,set_a/task3/trace_001,3,2
572,set_a/task3/trace_001,3,5
573,set_a/task3/trace_001,3,2
574,set_a/task3/trace_001,3,3
575,set_a/task3/trace_001,3,3
576,set_a/task3/trace_001,3,2
577,set_a/task3/trace_002,3,3
578,set_a/task3/trace_002,3,3
579,set_a/task3/trace_002,3,5
580,set_a/task3/trace_002,3,2
581,set_a/task3/trace_002,3,2
582,set_a/task3/trace_002,3,2
583,set_a/task3/trace_002,3,2
584,set_a/task3/trace_003,3,2
585,set_a/task3/trace_003,3,2
586,set_a/task3/trace_003,3,2
587,set_a/task3/trace_003,3,2
588,set_a/task3/trace_003,3,2
589,set_a/task3/trace_003,3,4
590,set_a/task3/trace_004,3,3
591,set_a/task3/trace_004,3,3
592,set_a/task3/trace_004,3,3
593,set_a/task3/trace_004,3,2
594,set_a/task3/trace_004,3,2
595,set_a/task3/trace_004,3,2
596,set_a/task3/trace_004,3,8
597,set_a/task3/trace_004,3,2
598,set_a/task3/trace_004,3,3
599,set_a/task3/trace_005,3,2
600,set_a/task3/trace_005,3,2
601,set_a/task3/trace_005,3,5
602,set_a/task3/trace_005,3,2
603,set_a/task3/trace_005,3,2
604,set_a/task3/trace_005,3,2
605,set_a/task3/trace_005,3,4
606,set_a/task3/trace_005,3,3
607,set_a/task3/trace_005,3,5
608,set_a/task3/trace_006,3,2
609,set_a/task3/trace_006,3,2
610,set_a/task3/trace_006,3,3
611,set_a/task3/trace_006,3,2
612,set_a/task3/trace_007,3,2
613,set_a/task3/trace_007,3,2
614,set_a/task3/trace_007,3,3
615,set_a/task3/trace_007,3,3
616,set_a/task3/trace_007,3,3
617,set_a/task3/trace_007,3,2
618,set_a/task3/trace_007,3,4
619,set_a/task3/trace_007,3,2
620,set_a/task3/trace_008,3,2
621,set_a/task3/trace_008,3,2
622,set_a/task3/trace_008,3,2
623,set_a/task3/trace_008,3,2
624,set_a/task3/trace_008,3,5
625,set_a/task3/trace_008,3,3
626,set_a/task3/trace_008,3,2
627,set_a/task3/trace_008,3,2
628,set_a/task3/trace_008,3,4
629,set_a/task3/trace_008,3,2
630,set_a/task3/trace_008,3,2
631,set_a/task3/trace_008,3,2
632,set_a/task3/trace_008,3,2
633,set_a/task3/trace_008,3,2
634,set_a/task3/trace_008,3,3
635,set_a/task3/trace_008,3,2
636,set_a/task3/trace_009,3,3
637,set_a/task3/trace_009,3,2
638,set_a/task3/trace_009,3,2
639,set_a/task3/trace_009,3,2
640,set_a/task3/trace_009,3,2
641,set_a/task3/trace_010,3,2
642,set_a/task3/trace_010,3,4
643,set_a/task3/trace_010,3,3
644,set_a/task3/trace_010,3,3
645,set_a/task3/trace_010,3,5
646,set_a/task3/trace_010,3,2
647,set_a/task3/trace_010,3,2
648,set_a/task3/trace_010,3,6
649,set_a/task3/trace_010,3,2
650,set_a/task3/trace_010,3,2
651,set_a/task3/trace_010,3,2
652,set_a/task3/trace_010,3,2
653,set_a/task3/trace_011,3,2
654,set_a/task3/trace_011,3,2
655,set_a/task3/trace_011,3,2
656,set_a/task3/trace_011,3,2
657,set_a/task3/trace_011,3,2
658,set_a/task3/trace_011,3,2
659,set_a/task3/trace_011,3,2
660,set_a/task3/trace_011,3,2
661,set_a/task3/trace_011,3,3
662,set_a/task3/trace_011,3,3
663,set_a/task3/trace_012,3,3
664,set_a/task3/trace_012,3,3
665,set_a/task3/trace_012,3,4
666,set_a/task3/trace_012,3,3
667,set_a/task3/trace_012,3,3
668,set_a/task3/trace_012,3,8
669,set_a/task3/trace_012,3,3
670,set_a/task3/trace_012,3,4
671,set_a/task3/trace_012,3,3
672,set_a/task3/trace_012,3,2
673,set_a/task3/trace_012,3,2
674,set_a/task3/trace_012,3,2
675,set_a/task3/trace_012,3,3
676,set_a/task3/trace_013,3,2
677,set_a/task3/trace_013,3,2
678,set_a/task3/trace_013,3,2
679,set_a/task3/trace_013,3,2
680,set_a/task3/trace_013,3,6
681,set_a/task3/trace_013,3,2
682,set_a/task3/trace_013,3,2
683,set_a/task3/trace_013,3,3
684,set_a/task3/trace_013,3,5
685,set_a/task3/trace_013,3,2
686,set_a/task3/trace_013,3,5
687,set_a/task3/trace_014,3,3
688,set_a/task3/trace_014,3,6
689,set_a/task3/trace_014,3,4
690,set_a/task3/trace_014,3,2
691,set_a/task3/trace_014,3,2
692,set_a/task3/trace_014,3,3
693,set_a/task3/trace_014,3,2
694,set_a/task3/trace_014,3,2
695,set_a/task3/trace_014,3,3
696,set_a/task3/trace_015,3,3
697,set_a/task3/trace_015,3,3
698,set_a/task3/trace_015,3,2
699,set_a/task3/trace_015,3,3
700,set_a/task3/trace_015,3,2
701,set_a/task3/trace_015,3,3
702,set_a/task3/trace_015,3,2
703,set_a/task3/trace_016,3,2
704,set_a/task3/trace_016,3,4
705,set_a/task3/trace_016,3,4
706,set_a/task3/trace_016,3,2
707,set_a/task3/trace_016,3,3
708,set_a/task3/trace_016,3,3
709,set_a/task3/trace_016,3,4
710,set_a/task3/trace_016,3,2
711,set_a/task3/trace_016,3,3
712,set_a/task3/trace_016,3,2
713,set_a/task3/trace_016,3,2
714,set_a/task3/trace_017,3,2
715,set_a/task3/trace_017,3,7
716,set_a/task3/trace_017,3,4
717,set_a/task3/trace_017,3,2
718,set_a/task3/trace_017,3,3
719,set_a/task3/trace_017,3,4
720,set_a/task3/trace_017,3,2
721,set_a/task3/trace_018,3,4
722,set_a/task3/trace_018,3,5
723,set_a/task3/trace_018,3,2
724,set_a/task3/trace_018,3,2
725,set_a/task3/trace_018,3,2
726,set_a/task3/trace_018,3,3
727,set_a/task3/trace_018,3,2
728,set_a/task3/trace_018,3,2
729,set_a/task3/trace_018,3,4
730,set_a/task3/trace_018,3,2
731,set_a/task3/trace_018,3,2
732,set_a/task3/trace_018,3,2
733,set_a/task3/trace_018,3,4
734,set_a/task3/trace_019,3,4
735,set_a/task3/trace_019,3,3
736,set_a/task3/trace_019,3,5
737,set_a/task3/trace_019,3,2
738,set_a/task3/trace_019,3,2
739,set_a/task3/trace_020,3,5
740,set_a/task3/trace_020,3,2
741,set_a/task3/trace_020,3,2
742,set_a/task3/trace_020,3,2
743,set_a/task3/trace_020,3,2
744,set_a/task3/trace_020,3,3
745,set_a/task3/trace_021,3,3
746,set_a/task3/trace_021,3,2
747,set_a/task3/trace_021,3,2
748,set_a/task3/trace_021,3,2
749,set_a/task3/trace_021,3,6
750,set_a/task3/trace_021,3,2
751,set_a/task3/trace_021,3,4
752,set_a/task3/trace_021,3,3
753,set_a/task3/trace_021,3,2
754,set_a/task3/trace_021,3,3
755,set_a/task3/trace_021,3,2
756,set_a/task3/trace_022,3,3
757,set_a/task3/trace_022,3,4
758,set_a/task3/trace_022,3,2
759,set_a/task3/trace_022,3,3
760,set_a/task3/trace_022,3,2
761,set_a/task3/trace_022,3,2
762,set_a/task3/trace_022,3,2
763,set_a/task3/trace_022,3,2
764,set_a/task3/trace_022,3,2
765,set_a/task3/trace_022,3,2
766,set_a/task3/trace_022,3,2
767,set_a/task3/trace_022,3,2
768,set_a/task3/trace_022,3,2
769,set_a/task3/trace_023,3,2
770,set_a/task3/trace_023,3,2
771,set_a/task3/trace_023,3,4
772,set_a/task3/trace_023,3,2
773,set_a/task3/trace_023,3,5
774,set_a/task3/trace_023,3,4
775,set_a/task3/trace_024,3,2
776,set_a/task3/trace_024,3,2
777,set_a/task3/trace_024,3,2
778,set_a/task3/trace_024,3,3
779,set_a/task3/trace_024,3,2
780,set_a/task3/trace_024,3,6
781,set_a/task3/trace_024,3,2
782,set_a/task3/trace_024,3,3
783,set_a/task3/trace_024,3,3
784,set_a/task3/trace_024,3,3
785,set_a/task3/trace_025,3,5
786,set_a/task3/trace_025,3,3
787,set_a/task3/trace_025,3,3
788,set_a/task3/trace_025,3,2
789,set_a/task3/trace_025,3,3
790,set_a/task3/trace_025,3,4
791,set_a/task3/trace_025,3,5
792,set_a/task3/trace_025,3,2
793,set_a/task3/trace_025,3,3
794,set_a/task3/trace_025,3,2
795,set_a/task3/trace_026,3,3
796,set_a/task3/trace_026,3,4
797,set_a/task3/trace_026,3,4
798,set_a/task3/trace_026,3,2
799,set_a/task3/trace_026,3,2
800,set_a/task3/trace_027,3,2
801,set_a/task3/trace_027,3,4
802,set_a/task3/trace_027,3,3
803,set_a/task3/trace_027,3,2
804,set_a/task3/trace_027,3,4
805,set_a/task3/trace_027,3,2
806,set_a/task3/trace_027,3,2
807,set_a/task3/trace_027,3,2
808,set_a/task3/trace_027,3,5
809,set_a/task3/trace_028,3,3
810,set_a/task3/trace_028,3,2
811,set_a/task3/trace_028,3,6
812,set_a/task3/trace_028,3,3
813,set_a/task3/trace_028,3,2
814,set_a/task3/trace_028,3,6
815,set_a/task3/trace_028,3,2
816,set_a/task3/trace_028,3,2
817,set_a/task3/trace_029,3,2
818,set_a/task3/trace_029,3,2
819,set_a/task3/trace_029,3,3
820,set_a/task3/trace_029,3,5
821,set_a/task3/trace_029,3,2
822,set_a/task3/trace_029,3,2
823,set_a/task3/trace_030,3,2
824,set_a/task3/trace_030,3,2
825,set_a/task3/trace_030,3,4
826,set_a/task3/trace_030,3,4
827,set_a/task3/trace_030,3,2
828,set_a/task3/trace_030,3,5
829,set_a/task3/trace_031,3,3
830,set_a/task3/trace_031,3,5
831,set_a/task3/trace_031,3,2
832,set_a/task3/trace_032,3,2
833,set_a/task3/trace_032,3,3
834,set_a/task3/trace_032,3,3
835,set_a/task3/trace_032,3,4
836,set_a/task3/trace_032,3,6
837,set_a/task3/trace_032,3,4
838,set_a/task3/trace_032,3,2
839,set_a/task3/trace_032,3,2
840,set_a/task3/trace_033,3,2
841,set_a/task3/trace_033,3,2
842,set_a/task3/trace_033,3,6
843,set_a/task3/trace_033,3,2
844,set_a/task3/trace_033,3,3
845,set_a/task3/trace_033,3,2
846,set_a/task3/trace_033,3,2
847,set_a/task3/trace_033,3,2
848,set_a/task3/trace_033,3,3
849,set_a/task3/trace_034,3,3
850,set_a/task3/trace_034,3,7
851,set_a/task3/trace_034,3,2
852,set_a/task3/trace_034,3,3
853,set_a/task3/trace_034,3,3
854,set_a/task3/trace_034,3,3
855,set_a/task3/trace_035,3,3
856,set_a/task3/trace_035,3,2
857,set_a/task3/trace_035,3,2
858,set_a/task3/trace_035,3,2
859,set_a/task3/trace_035,3,2
860,set_a/task3/trace_035,3,5
861,set_a/task3/trace_036,3,2
862,set_a/task3/trace_036,3,3
863,set_a/task3/trace_036,3,5
864,set_a/task3/trace_036,3,2
865,set_a/task3/trace_036,3,2
866,set_a/task3/trace_036,3,2
867,set_a/task3/trace_036,3,4
868,set_a/task3/trace_036,3,2
869,set_a/task3/trace_036,3,2
870,set_a/task3/trace_036,3,2
871,set_a/task3/trace_037,3,3
872,set_a/task3/trace_037,3,2
873,set_a/task3/trace_037,3,2
874,set_a/task3/trace_037,3,2
875,set_a/task3/trace_037,3,6
876,set_a/task3/trace_037,3,2
877,set_a/task3/trace_037,3,3
878,set_a/task3/trace_037,3,2
879,set_a/task3/trace_037,3,3
880,set_a/task3/trace_037,3,3
881,set_a/task3/trace_038,3,2
882,set_a/task3/trace_038,3,3
883,set_a/task3/trace_038,3,2
884,set_a/task3/trace_038,3,2
885,set_a/task3/trace_038,3,3
886,set_a/task3/trace_038,3,2
887,set_a/task3/trace_038,3,3
888,set_a/task3/trace_038,3,6
889,set_a/task3/trace_038,3,2
890,set_a/task3/trace_038,3,3
891,set_a/task3/trace_038,3,2
892,set_a/task3/trace_038,3,2
893,set_a/task3/trace_038,3,3
894,set_a/task3/trace_038,3,3
895,set_a/task3/trace_038,3,4
896,set_a/task3/trace_039,3,3
897,set_a/task3/trace_039,3,2
898,set_a/task3/trace_040,3,3
899,set_a/task3/trace_040,3,3
900,set_a/task3/trace_040,3,2
901,set_a/task3/trace_040,3,2
902,set_a/task3/trace_040,3,2
903,set_a/task3/trace_040,3,3
904,set_a/task4/trace_001,4,2
905,set_a/task4/trace_001,4,2
906,set_a/task4/trace_001,4,2
907,set_a/task4/trace_001,4,3
908,set_a/task4/trace_001,4,4
909,set_a/task4/trace_001,4,2
910,set_a/task4/trace_001,4,4
911,set_a/task4/trace_001,4,2
912,set_a/task4/trace_002,4,2
913,set_a/task4/trace_002,4,3
914,set_a/task4/trace_002,4,2
915,set_a/task4/trace_002,4,3
916,set_a/task4/trace_003,4,2
917,set_a/task4/trace_003,4,3
918,set_a/task4/trace_003,4,2
919,set_a/task4/trace_003,4,3
920,set_a/task4/trace_003,4,2
921,set_a/task4/trace_003,4,4
922,set_a/task4/trace_003,4,2
923,set_a/task4/trace_003,4,3
924,set_a/task4/trace_003,4,5
925,set_a/task4/trace_003,4,2
926,set_a/task4/trace_003,4,2
927,set_a/task4/trace_003,4,2
928,set_a/task4/trace_003,4,2
929,set_a/task4/trace_003,4,2
930,set_a/task4/trace_003,4,3
931,set_a/task4/trace_004,4,4
932,set_a/task4/trace_004,4,5
933,set_a/task4/trace_004,4,4
934,set_a/task4/trace_004,4,2
935,set_a/task4/trace_005,4,3
936,set_a/task4/trace_005,4,5
937,set_a/task4/trace_005,4,4
938,set_a/task4/trace_005,4,2
939,set_a/task4/trace_005,4,4
940,set_a/task4/trace_006,4,2
941,set_a/task4/trace_006,4,2
942,set_a/task4/trace_006,4,2
943,set_a/task4/trace_006,4,2
944,set_a/task4/trace_006,4,4
945,set_a/task4/trace_006,4,3
946,set_a/task4/trace_006,4,2
947,set_a/task4/trace_006,4,5
948,set_a/task4/trace_006,4,3
949,set_a/task4/trace_006,4,2
950,set_a/task4/trace_007,4,2
951,set_a/task4/trace_007,4,2
952,set_a/task4/trace_007,4,2
953,set_a/task4/trace_007,4,2
954,set_a/task4/trace_007,4,2
955,set_a/task4/trace_007,4,2
956,set_a/task4/trace_008,4,2
957,set_a/task4/trace_008,4,3
958,set_a/task4/trace_008,4,6
959,set_a/task4/trace_008,4,4
960,set_a/task4/trace_010,4,2
961,set_a/task4/trace_010,4,2
962,set_a/task4/trace_010,4,2
963,set_a/task4/trace_010,4,7
964,set_a/task4/trace_010,4,3
965,set_a/task4/trace_010,4,2
966,set_a/task4/trace_010,4,2
967,set_a/task4/trace_010,4,2
968,set_a/task4/trace_010,4,2
969,set_a/task4/trace_010,4,4
970,set_a/task4/trace_010,4,2
971,set_a/task4/trace_010,4,2
972,set_a/task4/trace_010,4,2
973,set_a/task4/trace_011,4,2
974,set_a/task4/trace_011,4,2
975,set_a/task4/trace_011,4,2
976,set_a/task4/trace_011,4,4
977,set_a/task4/trace_011,4,3
978,set_a/task4/trace_011,4,4
979,set_a/task4/trace_011,4,6
980,set_a/task4/trace_011,4,2
981,set_a/task4/trace_011,4,2
982,set_a/task4/trace_011,4,5
983,set_a/task4/trace_011,4,2
984,set_a/task4/trace_011,4,2
985,set_a/task4/trace_012,4,2
986,set_a/task4/trace_012,4,2
987,set_a/task4/trace_012,4,2
988,set_a/task4/trace_012,4,3
989,set_a/task4/trace_012,4,4
990,set_a/task4/trace_013,4,3
991,set_a/task4/trace_013,4,3
992,set_a/task4/trace_013,4,3
993,set_a/task4/trace_013,4,2
994,set_a/task4/trace_013,4,2
995,set_a/task4/trace_013,4,10
996,set_a/task4/trace_013,4,3
997,set_a/task4/trace_013,4,3
998,set_a/task4/trace_013,4,2
999,set_a/task4/trace_013,4,2
1000,set_a/task4/trace_013,4,3
1001,set_a/task4/trace_013,4,3
1002,set_a/task4/trace_014,4,2
1003,set_a/task4/trace_015,4,2
1004,set_a/task4/trace_015,4,3
1005,set_a/task4/trace_015,4,7
1006,set_a/task4/trace_015,4,2
1007,set_a/task4/trace_015,4,2
1008,set_a/task4/trace_015,4,2
1009,set_a/task4/trace_015,4,6
1010,set_a/task4/trace_015,4,3
1011,set_a/task4/trace_015,4,2
1012,set_a/task4/trace_015,4,2
1013,set_a/task4/trace_016,4,2
1014,set_a/task4/trace_016,4,2
1015,set_a/task4/trace_016,4,2
1016,set_a/task4/trace_016,4,4
1017,set_a/task4/trace_016,4,2
1018,set_a/task4/trace_016,4,3
1019,set_a/task4/trace_016,4,2
1020,set_a/task4/trace_016,4,2
1021,set_a/task4/trace_016,4,3
1022,set_a/task4/trace_017,4,2
1023,set_a/task4/trace_017,4,2
1024,set_a/task4/trace_017,4,3
1025,set_a/task4/trace_017,4,3
1026,set_a/task4/trace_017,4,3
1027,set_a/task4/trace_017,4,3
1028,set_a/task4/trace_017,4,2
1029,set_a/task4/trace_017,4,4
1030,set_a/task4/trace_017,4,2
1031,set_a/task4/trace_019,4,3
1032,set_a/task4/trace_019,4,6
1033,set_a/task4/trace_019,4,2
1034,set_a/task4/trace_019,4,2
1035,set_a/task4/trace_020,4,3
1036,set_a/task4/trace_020,4,4
1037,set_a/task4/trace_020,4,7
1038,set_a/task4/trace_020,4,2
1039,set_a/task4/trace_020,4,3
1040,set_a/task4/trace_020,4,3
1041,set_a/task4/trace_020,4,2
1042,set_a/task4/trace_020,4,14
1043,set_a/task4/trace_020,4,2
1044,set_a/task4/trace_021,4,2
1045,set_a/task4/trace_021,4,2
1046,set_a/task4/trace_021,4,2
1047,set_a/task4/trace_021,4,2
1048,set_a/task4/trace_021,4,2
1049,set_a/task4/trace_021,4,2
1050,set_a/task4/trace_021,4,4
1051,set_a/task4/trace_021,4,2
1052,set_a/task4/trace_022,4,3
1053,set_a/task4/trace_022,4,6
1054,set_a/task4/trace_023,4,3
1055,set_a/task4/trace_023,4,3
1056,set_a/task4/trace_023,4,3
1057,set_a/task4/trace_024,4,2
1058,set_a/task4/trace_024,4,5
1059,set_a/task4/trace_024,4,3
1060,set_a/task4/trace_024,4,4
1061,set_a/task4/trace_024,4,3
1062,set_a/task4/trace_024,4,3
1063,set_a/task4/trace_024,4,2
1064,set_a/task4/trace_024,4,2
1065,set_a/task4/trace_024,4,2
1066,set_a/task4/trace_026,4,3
1067,set_a/task4/trace_027,4,2
1068,set_a/task4/trace_027,4,2
1069,set_a/task4/trace_027,4,5
1070,set_a/task4/trace_027,4,2
1071,set_a/task4/trace_027,4,2
1072,set_a/task4/trace_027,4,3
1073,set_a/task4/trace_027,4,2
1074,set_a/task4/trace_027,4,2
1075,set_a/task4/trace_027,4,2
1076,set_a/task4/trace_027,4,3
1077,set_a/task4/trace_027,4,3
1078,set_a/task4/trace_027,4,5
1079,set_a/task4/trace_027,4,6
1080,set_a/task4/trace_027,4,3
1081,set_a/task4/trace_027,4,2
1082,set_a/task4/trace_027,4,2
1083,set_a/task4/trace_028,4,2
1084,set_a/task4/trace_029,4,2
1085,set_a/task4/trace_029,4,4
1086,set_a/task4/trace_029,4,2
1087,set_a/task4/trace_029,4,4
1088,set_a/task4/trace_029,4,2
1089,set_a/task4/trace_030,4,5
1090,set_a/task4/trace_030,4,4
1091,set_a/task4/trace_030,4,4
1092,set_a/task4/trace_030,4,4
1093,set_a/task4/trace_031,4,2
1094,set_a/task4/trace_032,4,2
1095,set_a/task4/trace_032,4,2
1096,set_a/task4/trace_033,4,4
1097,set_a/task4/trace_033,4,2
1098,set_a/task4/trace_033,4,5
1099,set_a/task4/trace_033,4,2
1100,set_a/task4/trace_033,4,3
1101,set_a/task4/trace_033,4,3
1102,set_a/task4/trace_033,4,4
1103,set_a/task4/trace_033,4,2
1104,set_a/task4/trace_033,4,2
1105,set_a/task4/trace_034,4,3
1106,set_a/task4/trace_035,4,2
1107,set_a/task4/trace_035,4,2
1108,set_a/task4/trace_035,4,2
1109,set_a/task4/trace_035,4,3
1110,set_a/task4/trace_035,4,3
1111,set_a/task4/trace_035,4,2
1112,set_a/task4/trace_035,4,2
1113,set_a/task4/trace_036,4,3
1114,set_a/task4/trace_036,4,4
1115,set_a/task4/trace_036,4,3
1116,set_a/task4/trace_036,4,2
1117,set_a/task4/trace_036,4,3
1118,set_a/task4/trace_036,4,2
1119,set_a/task4/trace_036,4,2
1120,set_a/task4/trace_036,4,2
1121,set_a/task4/trace_036,4,2
1122,set_a/task4/trace_036,4,2
1123,set_a/task4/trace_037,4,4
1124,set_a/task4/trace_037,4,4
1125,set_a/task4/trace_037,4,2
1126,set_a/task4/trace_037,4,2
1127,set_a/task4/trace_037,4,3
1128,set_a/task4/trace_037,4,2
1129,set_a/task4/trace_037,4,3
1130,set_a/task4/trace_037,4,2
1131,set_a/task4/trace_037,4,4
1132,set_a/task4/trace_037,4,5
1133,set_a/task4/trace_037,4,2
1134,set_a/task4/trace_037,4,4
1135,set_a/task4/trace_038,4,2
1136,set_a/task4/trace_038,4,3
1137,set_a/task4/trace_038,4,2
1138,set_a/task4/trace_038,4,2
1139,set_a/task4/trace_038,4,6
1140,set_a/task4/trace_038,4,2
1141,set_a/task4/trace_038,4,4
1142,set_a/task4/trace_038,4,2
1143,set_a/task4/trace_038,4,2
1144,set_a/task4/trace_038,4,4
1145,set_a/task4/trace_038,4,2
1146,set_a/task4/trace_038,4,2
1147,set_a/task4/trace_038,4,3
1148,set_a/task4/trace_038,4,2
1149,set_a/task4/trace_040,4,2
1150,set_a/task4/trace_040,4,2
1151,set_a/task4/trace_040,4,2
1152,set_a/task4/trace_040,4,3
1153,set_a/task4/trace_040,4,4
1154,set_a/task4/trace_040,4,2
1155,set_a/task4/trace_040,4,3
1156,set_a/task4/trace_040,4,3
1157,set_a/task4/trace_040,4,3
1158,set_b/task1/trace_001,1,2
1159,set_b/task1/trace_001,1,2
1160,set_b/task1/trace_001,1,4
1161,set_b/task1/trace_001,1,2
1162,set_b/task1/trace_001,1,2
1163,set_b/task1/trace_001,1,2
1164,set_b/task1/trace_001,1,3
1165,set_b/task1/trace_001,1,5
1166,set_b/task1/trace_001,1,2
1167,set_b/task1/trace_001,1,2
1168,set_b/task1/trace_001,1,2
1169,set_b/task1/trace_001,1,2
1170,set_b/task1/trace_002,1,2
1171,set_b/task1/trace_002,1,4
1172,set_b/task1/trace_002,1,2
1173,set_b/task1/trace_002,1,3
1174,set_b/task1/trace_003,1,4
1175,set_b/task1/trace_003,1,3
1176,set_b/task1/trace_003,1,4
1177,set_b/task1/trace_003,1,2
1178,set_b/task1/trace_004,1,2
1179,set_b/task1/trace_004,1,2
1180,set_b/task1/trace_004,1,3
1181,set_b/task1/trace_004,1,2
1182,set_b/task1/trace_004,1,3
1183,set_b/task1/trace_004,1,2
1184,set_b/task1/trace_004,1,4
1185,set_b/task1/trace_005,1,2
1186,set_b/task1/trace_005,1,2
1187,set_b/task1/trace_005,1,5
1188,set_b/task1/trace_005,1,2
1189,set_b/task1/trace_005,1,3
1190,set_b/task1/trace_005,1,2
1191,set_b/task1/trace_005,1,3
1192,set_b/task1/trace_005,1,2
1193,set_b/task1/trace_005,1,4
1194,set_b/task1/trace_006,1,3
1195,set_b/task1/trace_007,1,6
1196,set_b/task1/trace_007,1,2
1197,set_b/task1/trace_007,1,2
1198,set_b/task1/trace_007,1,2
1199,set_b/task1/trace_007,1,2
1200,set_b/task1/trace_007,1,7
1201,set_b/task1/trace_007,1,2
1202,set_b/task1/trace_007,1,4
1203,set_b/task1/trace_008,1,3
1204,set_b/task1/trace_008,1,2
1205,set_b/task1/trace_008,1,2
1206,set_b/task1/trace_008,1,3
1207,set_b/task1/trace_008,1,2
1208,set_b/task1/trace_008,1,2
1209,set_b/task1/trace_009,1,3
1210,set_b/task1/trace_009,1,3
1211,set_b/task1/trace_009,1,2
1212,set_b/task1/trace_009,1,4
1213,set_b/task1/trace_009,1,3
1214,set_b/task1/trace_009,1,3
1215,set_b/task1/trace_009,1,2
1216,set_b/task1/trace_009,1,4
1217,set_b/task1/trace_009,1,2
1218,set_b/task1/trace_010,1,2
1219,set_b/task1/trace_010,1,5
1220,set_b/task1/trace_010,1,3
1221,set_b/task1/trace_010,1,4
1222,set_b/task1/trace_010,1,2
1223,set_b/task1/trace_010,1,2
1224,set_b/task1/trace_011,1,5
1225,set_b/task1/trace_011,1,2
1226,set_b/task1/trace_011,1,2
1227,set_b/task1/trace_011,1,3
1228,set_b/task1/trace_011,1,2
1229,set_b/task1/trace_011,1,2
1230,set_b/task1/trace_011,1,2
1231,set_b/task1/trace_013,1,2
1232,set_b/task1/trace_013,1,8
1233,set_b/task1/trace_013,1,3
1234,set_b/task1/trace_013,1,3
1235,set_b/task1/trace_013,1,2
1236,set_b/task1/trace_013,1,4
1237,set_b/task1/trace_015,1,2
1238,set_b/task1/trace_015,1,4
1239,set_b/task1/trace_015,1,4
1240,set_b/task1/trace_015,1,4
1241,set_b/task1/trace_015,1,2
1242,set_b/task1/trace_016,1,2
1243,set_b/task1/trace_016,1,4
1244,set_b/task1/trace_016,1,2
1245,set_b/task1/trace_016,1,2
1246,set_b/task1/trace_016,1,2
1247,set_b/task1/trace_016,1,4
1248,set_b/task1/trace_016,1,4
1249,set_b/task1/trace_016,1,4
1250,set_b/task1/trace_017,1,2
1251,set_b/task1/trace_018,1,3
1252,set_b/task1/trace_018,1,3
1253,set_b/task1/trace_018,1,4
1254,set_b/task1/trace_018,1,2
1255,set_b/task1/trace_018,1,3
1256,set_b/task1/trace_018,1,4
1257,set_b/task1/trace_018,1,2
1258,set_b/task1/trace_018,1,2
1259,set_b/task1/trace_018,1,4
1260,set_b/task1/trace_019,1,4
1261,set_b/task1/trace_020,1,6
1262,set_b/task1/trace_020,1,4
1263,set_b/task1/trace_020,1,2
1264,set_b/task1/trace_020,1,2
1265,set_b/task1/trace_020,1,2
1266,set_b/task1/trace_020,1,2
1267,set_b/task1/trace_020,1,3
1268,set_b/task1/trace_020,1,5
1269,set_b/task1/trace_020,1,2
1270,set_b/task1/trace_021,1,3
1271,set_b/task1/trace_021,1,2
1272,set_b/task1/trace_021,1,2
1273,set_b/task1/trace_021,1,2
1274,set_b/task1/trace_021,1,5
1275,set_b/task1/trace_021,1,2
1276,set_b/task1/trace_021,1,3
1277,set_b/task1/trace_021,1,2
1278,set_b/task1/trace_021,1,2
1279,set_b/task1/trace_021,1,3
1280,set_b/task1/trace_021,1,2
1281,set_b/task1/trace_021,1,3
1282,set_b/task1/trace_022,1,2
1283,set_b/task1/trace_022,1,2
1284,set_b/task1/trace_022,1,2
1285,set_b/task1/trace_024,1,8
1286,set_b/task1/trace_024,1,2
1287,set_b/task1/trace_024,1,2
1288,set_b/task1/trace_024,1,2
1289,set_b/task1/trace_024,1,3
1290,set_b/task1/trace_024,1,2
1291,set_b/task1/trace_024,1,2
1292,set_b/task1/trace_024,1,2
1293,set_b/task1/trace_025,1,2
1294,set_b/task1/trace_025,1,2
1295,set_b/task1/trace_025,1,2
1296,set_b/task1/trace_025,1,3
1297,set_b/task1/trace_026,1,2
1298,set_b/task1/trace_026,1,2
1299,set_b/task1/trace_026,1,2
1300,set_b/task1/trace_027,1,3
1301,set_b/task1/trace_027,1,2
1302,set_b/task1/trace_027,1,2
1303,set_b/task1/trace_027,1,2
1304,set_b/task1/trace_028,1,2
1305,set_b/task1/trace_028,1,3
1306,set_b/task1/trace_028,1,4
1307,set_b/task1/trace_028,1,2
1308,set_b/task1/trace_028,1,2
1309,set_b/task1/trace_028,1,6
1310,set_b/task1/trace_028,1,3
1311,set_b/task1/trace_028,1,2
1312,set_b/task1/trace_028,1,5
1313,set_b/task1/trace_028,1,3
1314,set_b/task1/trace_028,1,6
1315,set_b/task1/trace_028,1,2
1316,set_b/task1/trace_028,1,3
1317,set_b/task1/trace_028,1,4
1318,set_b/task1/trace_029,1,2
1319,set_b/task1/trace_029,1,7
1320,set_b/task1/trace_029,1,4
1321,set_b/task1/trace_029,1,2
1322,set_b/task1/trace_030,1,3
1323,set_b/task1/trace_030,1,9
1324,set_b/task1/trace_030,1,2
1325,set_b/task1/trace_030,1,5
1326,set_b/task1/trace_030,1,3
1327,set_b/task1/trace_030,1,3
1328,set_b/task1/trace_031,1,2
1329,set_b/task1/trace_031,1,2
1330,set_b/task1/trace_031,1,6
1331,set_b/task1/trace_031,1,2
1332,set_b/task1/trace_031,1,2
1333,set_b/task1/trace_031,1,2
1334,set_b/task1/trace_031,1,5
1335,set_b/task1/trace_031,1,3
1336,set_b/task1/trace_031,1,3
1337,set_b/task1/trace_032,1,2
1338,set_b/task1/trace_032,1,2
1339,set_b/task1/trace_032,1,4
1340,set_b/task1/trace_032,1,2
1341,set_b/task1/trace_032,1,3
1342,set_b/task1/trace_032,1,2
1343,set_b/task1/trace_032,1,3
1344,set_b/task1/trace_033,1,2
1345,set_b/task1/trace_033,1,5
1346,set_b/task1/trace_033,1,2
1347,set_b/task1/trace_033,1,2
1348,set_b/task1/trace_033,1,2
1349,set_b/task1/trace_033,1,5
1350,set_b/task1/trace_033,1,2
1351,set_b/task1/trace_033,1,2
1352,set_b/task1/trace_033,1,2
1353,set_b/task1/trace_035,1,2
1354,set_b/task1/trace_035,1,6
1355,set_b/task1/trace_035,1,2
1356,set_b/task1/trace_035,1,3
1357,set_b/task1/trace_035,1,5
1358,set_b/task1/trace_035,1,2
1359,set_b/task1/trace_035,1,2
1360,set_b/task1/trace_035,1,2
1361,set_b/task1/trace_035,1,6
1362,set_b/task1/trace_035,1,6
1363,set_b/task1/trace_035,1,4
1364,set_b/task1/trace_035,1,2
1365,set_b/task1/trace_035,1,3
1366,set_b/task1/trace_036,1,3
1367,set_b/task1/trace_036,1,3
1368,set_b/task1/trace_036,1,2
1369,set_b/task1/trace_036,1,2
1370,set_b/task1/trace_036,1,2
1371,set_b/task1/trace_036,1,2
1372,set_b/task1/trace_036,1,2
1373,set_b/task1/trace_036,1,3
1374,set_b/task1/trace_038,1,6
1375,set_b/task1/trace_038,1,2
1376,set_b/task1/trace_038,1,5
1377,set_b/task1/trace_038,1,4
1378,set_b/task1/trace_038,1,3
1379,set_b/task1/trace_038,1,4
1380,set_b/task1/trace_039,1,2
1381,set_b/task1/trace_039,1,2
1382,set_b/task1/trace_040,1,4
1383,set_b/task1/trace_040,1,2
1384,set_b/task1/trace_040,1,2
1385,set_b/task1/trace_040,1,2
1386,set_b/task1/trace_040,1,2
1387,set_b/task1/trace_040,1,2
1388,set_b/task1/trace_040,1,3
1389,set_b/task1/trace_040,1,2
1390,set_b/task1/trace_040,1,2
1391,set_b/task2/trace_001,2,2
1392,set_b/task2/trace_001,2,2
1393,set_b/task2/trace_001,2,3
1394,set_b/task2/trace_001,2,4
1395,set_b/task2/trace_001,2,2
1396,set_b/task2/trace_001,2,4
1397,set_b/task2/trace_001,2,4
1398,set_b/task2/trace_002,2,2
1399,set_b/task2/trace_002,2,2
1400,set_b/task2/trace_002,2,4
1401,set_b/task2/trace_002,2,2
1402,set_b/task2/trace_002,2,3
1403,set_b/task2/trace_002,2,2
1404,set_b/task2/trace_003,2,3
1405,set_b/task2/trace_003,2,3
1406,set_b/task2/trace_003,2,2
1407,set_b/task2/trace_003,2,7
1408,set_b/task2/trace_003,2,2
1409,set_b/task2/trace_003,2,3
1410,set_b/task2/trace_003,2,2
1411,set_b/task2/trace_003,2,5
1412,set_b/task2/trace_003,2,4
1413,set_b/task2/trace_004,2,2
1414,set_b/task2/trace_004,2,2
1415,set_b/task2/trace_004,2,3
1416,set_b/task2/trace_004,2,2
1417,set_b/task2/trace_004,2,4
1418,set_b/task2/trace_004,2,2
1419,set_b/task2/trace_004,2,4
1420,set_b/task2/trace_006,2,2
1421,set_b/task2/trace_006,2,3
1422,set_b/task2/trace_007,2,4
1423,set_b/task2/trace_007,2,4
1424,set_b/task2/trace_007,2,2
1425,set_b/task2/trace_007,2,3
1426,set_b/task2/trace_007,2,2
1427,set_b/task2/trace_007,2,2
1428,set_b/task2/trace_007,2,3
1429,set_b/task2/trace_007,2,2
1430,set_b/task2/trace_008,2,3
1431,set_b/task2/trace_008,2,5
1432,set_b/task2/trace_008,2,2
1433,set_b/task2/trace_008,2,2
1434,set_b/task2/trace_008,2,4
1435,set_b/task2/trace_009,2,2
1436,set_b/task2/trace_009,2,3
1437,set_b/task2/trace_009,2,3
1438,set_b/task2/trace_009,2,2
1439,set_b/task2/trace_010,2,2
1440,set_b/task2/trace_011,2,3
1441,set_b/task2/trace_011,2,2
1442,set_b/task2/trace_012,2,2
1443,set_b/task2/trace_012,2,3
1444,set_b/task2/trace_012,2,4
1445,set_b/task2/trace_012,2,3
1446,set_b/task2/trace_012,2,5
1447,set_b/task2/trace_012,2,4
1448,set_b/task2/trace_012,2,4
1449,set_b/task2/trace_012,2,3
1450,set_b/task2/trace_012,2,2
1451,set_b/task2/trace_012,2,5
1452,set_b/task2/trace_012,2,2
1453,set_b/task2/trace_012,2,4
1454,set_b/task2/trace_012,2,2
1455,set_b/task2/trace_012,2,2
1456,set_b/task2/trace_012,2,3
1457,set_b/task2/trace_012,2,2
1458,set_b/task2/trace_012,2,3
1459,set_b/task2/trace_013,2,7
1460,set_b/task2/trace_013,2,2
1461,set_b/task2/trace_013,2,2
1462,set_b/task2/trace_013,2,2
1463,set_b/task2/trace_013,2,4
1464,set_b/task2/trace_013,2,2
1465,set_b/task2/trace_013,2,2
1466,set_b/task2/trace_013,2,3
1467,set_b/task2/trace_013,2,7
1468,set_b/task2/trace_013,2,4
1469,set_b/task2/trace_013,2,2
1470,set_b/task2/trace_013,2,2
1471,set_b/task2/trace_013,2,2
1472,set_b/task2/trace_014,2,3
1473,set_b/task2/trace_014,2,2
1474,set_b/task2/trace_014,2,3
1475,set_b/task2/trace_014,2,3
1476,set_b/task2/trace_015,2,2
1477,set_b/task2/trace_015,2,4
1478,set_b/task2/trace_015,2,2
1479,set_b/task2/trace_015,2,2
1480,set_b/task2/trace_015,2,3
1481,set_b/task2/trace_015,2,2
1482,set_b/task2/trace_015,2,2
1483,set_b/task2/trace_015,2,2
1484,set_b/task2/trace_015,2,3
1485,set_b/task2/trace_015,2,2
1486,set_b/task2/trace_015,2,2
1487,set_b/task2/trace_015,2,2
1488,set_b/task2/trace_015,2,2
1489,set_b/task2/trace_015,2,2
1490,set_b/task2/trace_015,2,4
1491,set_b/task2/trace_015,2,2
1492,set_b/task2/trace_016,2,3
1493,set_b/task2/trace_016,2,3
1494,set_b/task2/trace_016,2,2
1495,set_b/task2/trace_016,2,4
1496,set_b/task2/trace_016,2,3
1497,set_b/task2/trace_016,2,2
1498,set_b/task2/trace_016,2,3
1499,set_b/task2/trace_016,2,2
1500,set_b/task2/trace_016,2,3
1501,set_b/task2/trace_016,2,2
1502,set_b/task2/trace_016,2,2
1503,set_b/task2/trace_016,2,4
1504,set_b/task2/trace_016,2,2
1505,set_b/task2/trace_018,2,3
1506,set_b/task2/trace_018,2,3
1507,set_b/task2/trace_018,2,2
1508,set_b/task2/trace_018,2,2
1509,set_b/task2/trace_018,2,3
1510,set_b/task2/trace_018,2,8
1511,set_b/task2/trace_018,2,2
1512,set_b/task2/trace_019,2,4
1513,set_b/task2/trace_019,2,3
1514,set_b/task2/trace_019,2,3
1515,set_b/task2/trace_019,2,4
1516,set_b/task2/trace_019,2,2
1517,set_b/task2/trace_019,2,2
1518,set_b/task2/trace_019,2,3
1519,set_b/task2/trace_020,2,5
1520,set_b/task2/trace_020,2,2
1521,set_b/task2/trace_020,2,2
1522,set_b/task2/trace_020,2,2
1523,set_b/task2/trace_020,2,8
1524,set_b/task2/trace_020,2,4
1525,set_b/task2/trace_020,2,7
1526,set_b/task2/trace_020,2,3
1527,set_b/task2/trace_020,2,3
1528,set_b/task2/trace_020,2,2
1529,set_b/task2/trace_020,2,3
1530,set_b/task2/trace_020,2,3
1531,set_b/task2/trace_020,2,2
1532,set_b/task2/trace_021,2,2
1533,set_b/task2/trace_021,2,4
1534,set_b/task2/trace_021,2,2
1535,set_b/task2/trace_021,2,4
1536,set_b/task2/trace_021,2,4
1537,set_b/task2/trace_021,2,3
1538,set_b/task2/trace_021,2,2
1539,set_b/task2/trace_021,2,3
1540,set_b/task2/trace_021,2,7
1541,set_b/task2/trace_021,2,2
1542,set_b/task2/trace_021,2,2
1543,set_b/task2/trace_022,2,2
1544,set_b/task2/trace_022,2,2
1545,set_b/task2/trace_023,2,2
1546,set_b/task2/trace_023,2,2
1547,set_b/task2/trace_023,2,2
1548,set_b/task2/trace_023,2,2
1549,set_b/task2/trace_023,2,4
1550,set_b/task2/trace_023,2,5
1551,set_b/task2/trace_023,2,2
1552,set_b/task2/trace_023,2,4
1553,set_b/task2/trace_023,2,3
1554,set_b/task2/trace_023,2,2
1555,set_b/task2/trace_023,2,4
1556,set_b/task2/trace_024,2,3
1557,set_b/task2/trace_024,2,2
1558,set_b/task2/trace_024,2,5
1559,set_b/task2/trace_024,2,3
1560,set_b/task2/trace_024,2,2
1561,set_b/task2/trace_024,2,2
1562,set_b/task2/trace_024,2,3
1563,set_b/task2/trace_024,2,2
1564,set_b/task2/trace_024,2,3
1565,set_b/task2/trace_024,2,4
1566,set_b/task2/trace_024,2,2
1567,set_b/task2/trace_025,2,2
1568,set_b/task2/trace_025,2,4
1569,set_b/task2/trace_026,2,2
1570,set_b/task2/trace_026,2,4
1571,set_b/task2/trace_026,2,5
1572,set_b/task2/trace_026,2,3
1573,set_b/task2/trace_026,2,3
1574,set_b/task2/trace_026,2,2
1575,set_b/task2/trace_026,2,4
1576,set_b/task2/trace_026,2,3
1577,set_b/task2/trace_027,2,3
1578,set_b/task2/trace_027,2,4
1579,set_b/task2/trace_027,2,6
1580,set_b/task2/trace_027,2,2
1581,set_b/task2/trace_027,2,3
1582,set_b/task2/trace_027,2,2
1583,set_b/task2/trace_027,2,2
1584,set_b/task2/trace_027,2,3
1585,set_b/task2/trace_028,2,2
1586,set_b/task2/trace_028,2,4
1587,set_b/task2/trace_028,2,5
1588,set_b/task2/trace_028,2,6
1589,set_b/task2/trace_028,2,2
1590,set_b/task2/trace_028,2,2
1591,set_b/task2/trace_028,2,4
1592,set_b/task2/trace_029,2,5
1593,set_b/task2/trace_030,2,2
1594,set_b/task2/trace_030,2,4
1595,set_b/task2/trace_030,2,5
1596,set_b/task2/trace_030,2,2
1597,set_b/task2/trace_030,2,3
1598,set_b/task2/trace_030,2,7
1599,set_b/task2/trace_030,2,2
1600,set_b/task2/trace_030,2,3
1601,set_b/task2/trace_030,2,2
1602,set_b/task2/trace_030,2,3
1603,set_b/task2/trace_030,2,2
1604,set_b/task2/trace_030,2,3
1605,set_b/task2/trace_030,2,2
1606,set_b/task2/trace_030,2,2
1607,set_b/task2/trace_031,2,2
1608,set_b/task2/trace_031,2,4
1609,set_b/task2/trace_031,2,3
1610,set_b/task2/trace_031,2,3
1611,set_b/task2/trace_031,2,7
1612,set_b/task2/trace_031,2,2
1613,set_b/task2/trace_031,2,2
1614,set_b/task2/trace_031,2,2
1615,set_b/task2/trace_031,2,5
1616,set_b/task2/trace_031,2,2
1617,set_b/task2/trace_031,2,3
1618,set_b/task2/trace_032,2,2
1619,set_b/task2/trace_032,2,2
1620,set_b/task2/trace_032,2,2
1621,set_b/task2/trace_032,2,3
1622,set_b/task2/trace_032,2,3
1623,set_b/task2/trace_032,2,3
1624,set_b/task2/trace_032,2,2
1625,set_b/task2/trace_032,2,2
1626,set_b/task2/trace_032,2,3
1627,set_b/task2/trace_032,2,3
1628,set_b/task2/trace_032,2,3
1629,set_b/task2/trace_032,2,4
1630,set_b/task2/trace_033,2,4
1631,set_b/task2/trace_033,2,3
1632,set_b/task2/trace_033,2,2
1633,set_b/task2/trace_033,2,8
1634,set_b/task2/trace_033,2,4
1635,set_b/task2/trace_033,2,2
1636,set_b/task2/trace_033,2,2
1637,set_b/task2/trace_033,2,4
1638,set_b/task2/trace_033,2,4
1639,set_b/task2/trace_033,2,2
1640,set_b/task2/trace_033,2,2
1641,set_b/task2/trace_033,2,4
1642,set_b/task2/trace_034,2,3
1643,set_b/task2/trace_034,2,2
1644,set_b/task2/trace_035,2,2
1645,set_b/task2/trace_035,2,4
1646,set_b/task2/trace_035,2,7
1647,set_b/task2/trace_035,2,4
1648,set_b/task2/trace_035,2,2
1649,set_b/task2/trace_035,2,3
1650,set_b/task2/trace_035,2,3
1651,set_b/task2/trace_035,2,5
1652,set_b/task2/trace_035,2,2
1653,set_b/task2/trace_035,2,4
1654,set_b/task2/trace_035,2,2
1655,set_b/task2/trace_035,2,3
1656,set_b/task2/trace_035,2,4
1657,set_b/task2/trace_035,2,2
1658,set_b/task2/trace_035,2,2
1659,set_b/task2/trace_035,2,2
1660,set_b/task2/trace_036,2,3
1661,set_b/task2/trace_036,2,5
1662,set_b/task2/trace_037,2,4
1663,set_b/task2/trace_037,2,3
1664,set_b/task2/trace_037,2,2
1665,set_b/task2/trace_037,2,3
1666,set_b/task2/trace_037,2,2
1667,set_b/task2/trace_037,2,2
1668,set_b/task2/trace_037,2,2
1669,set_b/task2/trace_037,2,5
1670,set_b/task2/trace_037,2,2
1671,set_b/task2/trace_037,2,3
1672,set_b/task2/trace_037,2,5
1673,set_b/task2/trace_037,2,3
1674,set_b/task2/trace_037,2,2
1675,set_b/task2/trace_037,2,2
1676,set_b/task2/trace_037,2,4
1677,set_b/task2/trace_037,2,2
1678,set_b/task2/trace_037,2,2
1679,set_b/task2/trace_037,2,2
1680,set_b/task2/trace_038,2,2
1681,set_b/task2/trace_038,2,2
1682,set_b/task2/trace_038,2,3
1683,set_b/task2/trace_038,2,2
1684,set_b/task2/trace_038,2,3
1685,set_b/task2/trace_038,2,5
1686,set_b/task2/trace_038,2,2
1687,set_b/task2/trace_038,2,2
1688,set_b/task2/trace_038,2,2
1689,set_b/task2/trace_038,2,3
1690,set_b/task2/trace_038,2,3
1691,set_b/task2/trace_038,2,2
1692,set_b/task2/trace_038,2,4
1693,set_b/task2/trace_039,2,2
1694,set_b/task2/trace_039,2,2
1695,set_b/task2/trace_039,2,3
1696,set_b/task2/trace_039,2,3
1697,set_b/task2/trace_039,2,3
1698,set_b/task2/trace_039,2,2
1699,set_b/task2/trace_039,2,2
1700,set_b/task2/trace_039,2,2
1701,set_b/task2/trace_039,2,2
1702,set_b/task2/trace_039,2,7
1703,set_b/task2/trace_039,2,2
1704,set_b/task2/trace_039,2,5
1705,set_b/task2/trace_039,2,2
1706,set_b/task2/trace_039,2,2
1707,set_b/task2/trace_039,2,4
1708,set_b/task2/trace_039,2,3
1709,set_b/task2/trace_039,2,2
1710,set_b/task2/trace_040,2,3
1711,set_b/task2/trace_040,2,3
1712,set_b/task2/trace_040,2,2
1713,set_b/task2/trace_040,2,8
1714,set_b/task2/trace_040,2,3
1715,set_b/task2/trace_040,2,3
1716,set_b/task2/trace_040,2,2
1717,set_b/task2/trace_040,2,2
1718,set_b/task2/trace_040,2,5
1719,set_b/task2/trace_040,2,3
1720,set_b/task2/trace_040,2,2
1721,set_b/task2/trace_040,2,3
1722,set_b/task2/trace_040,2,4
1723,set_b/task2/trace_040,2,3
1724,set_b/task3/trace_001,3,2
1725,set_b/task3/trace_001,3,2
1726,set_b/task3/trace_001,3,3
1727,set_b/task3/trace_001,3,2
1728,set_b/task3/trace_001,3,2
1729,set_b/task3/trace_001,3,2
1730,set_b/task3/trace_001,3,2
1731,set_b/task3/trace_001,3,2
1732,set_b/task3/trace_001,3,5
1733,set_b/task3/trace_001,3,2
1734,set_b/task3/trace_001,3,2
1735,set_b/task3/trace_001,3,2
1736,set_b/task3/trace_001,3,2
1737,set_b/task3/trace_002,3,2
1738,set_b/task3/trace_002,3,2
1739,set_b/task3/trace_002,3,3
1740,set_b/task3/trace_002,3,3
1741,set_b/task3/trace_002,3,4
1742,set_b/task3/trace_002,3,2
1743,set_b/task3/trace_002,3,2
1744,set_b/task3/trace_002,3,2
1745,set_b/task3/trace_003,3,2
1746,set_b/task3/trace_003,3,2
1747,set_b/task3/trace_003,3,2
1748,set_b/task3/trace_003,3,2
1749,set_b/task3/trace_003,3,2
1750,set_b/task3/trace_003,3,5
1751,set_b/task3/trace_003,3,5
1752,set_b/task3/trace_003,3,2
1753,set_b/task3/trace_003,3,2
1754,set_b/task3/trace_003,3,3
1755,set_b/task3/trace_003,3,5
1756,set_b/task3/trace_004,3,5
1757,set_b/task3/trace_004,3,2
1758,set_b/task3/trace_004,3,2
1759,set_b/task3/trace_004,3,3
1760,set_b/task3/trace_004,3,3
1761,set_b/task3/trace_004,3,2
1762,set_b/task3/trace_004,3,2
1763,set_b/task3/trace_004,3,4
1764,set_b/task3/trace_004,3,3
1765,set_b/task3/trace_004,3,3
1766,set_b/task3/trace_004,3,2
1767,set_b/task3/trace_005,3,3
1768,set_b/task3/trace_005,3,6
1769,set_b/task3/trace_005,3,3
1770,set_b/task3/trace_005,3,2
1771,set_b/task3/trace_005,3,2
1772,set_b/task3/trace_005,3,2
1773,set_b/task3/trace_005,3,2
1774,set_b/task3/trace_005,3,3
1775,set_b/task3/trace_005,3,2
1776,set_b/task3/trace_005,3,2
1777,set_b/task3/trace_005,3,4
1778,set_b/task3/trace_005,3,2
1779,set_b/task3/trace_005,3,5
1780,set_b/task3/trace_005,3,2
1781,set_b/task3/trace_005,3,2
1782,set_b/task3/trace_006,3,2
1783,set_b/task3/trace_006,3,3
1784,set_b/task3/trace_006,3,3
1785,set_b/task3/trace_006,3,2
1786,set_b/task3/trace_006,3,2
1787,set_b/task3/trace_006,3,2
1788,set_b/task3/trace_006,3,2
1789,set_b/task3/trace_006,3,3
1790,set_b/task3/trace_006,3,3
1791,set_b/task3/trace_006,3,2
1792,set_b/task3/trace_006,3,2
1793,set_b/task3/trace_006,3,2
1794,set_b/task3/trace_006,3,2
1795,set_b/task3/trace_007,3,2
1796,set_b/task3/trace_007,3,2
1797,set_b/task3/trace_007,3,7
1798,set_b/task3/trace_007,3,2
1799,set_b/task3/trace_007,3,3
1800,set_b/task3/trace_007,3,2
1801,set_b/task3/trace_007,3,3
1802,set_b/task3/trace_008,3,4
1803,set_b/task3/trace_008,3,2
1804,set_b/task3/trace_008,3,3
1805,set_b/task3/trace_008,3,5
1806,set_b/task3/trace_008,3,4
1807,set_b/task3/trace_008,3,3
1808,set_b/task3/trace_009,3,2
1809,set_b/task3/trace_009,3,2
1810,set_b/task3/trace_009,3,2
1811,set_b/task3/trace_009,3,2
1812,set_b/task3/trace_009,3,2
1813,set_b/task3/trace_009,3,2
1814,set_b/task3/trace_009,3,2
1815,set_b/task3/trace_009,3,5
1816,set_b/task3/trace_009,3,2
1817,set_b/task3/trace_009,3,4
1818,set_b/task3/trace_009,3,2
1819,set_b/task3/trace_009,3,2
1820,set_b/task3/trace_009,3,2
1821,set_b/task3/trace_009,3,2
1822,set_b/task3/trace_010,3,3
1823,set_b/task3/trace_010,3,4
1824,set_b/task3/trace_010,3,6
1825,set_b/task3/trace_010,3,3
1826,set_b/task3/trace_010,3,2
1827,set_b/task3/trace_010,3,2
1828,set_b/task3/trace_011,3,4
1829,set_b/task3/trace_011,3,4
1830,set_b/task3/trace_011,3,3
1831,set_b/task3/trace_011,3,3
1832,set_b/task3/trace_011,3,2
1833,set_b/task3/trace_011,3,3
1834,set_b/task3/trace_011,3,3
1835,set_b/task3/trace_011,3,4
1836,set_b/task3/trace_011,3,3
1837,set_b/task3/trace_011,3,2
1838,set_b/task3/trace_011,3,2
1839,set_b/task3/trace_012,3,2
1840,set_b/task3/trace_012,3,4
1841,set_b/task3/trace_012,3,3
1842,set_b/task3/trace_012,3,7
1843,set_b/task3/trace_012,3,3
1844,set_b/task3/trace_012,3,2
1845,set_b/task3/trace_012,3,2
1846,set_b/task3/trace_012,3,6
1847,set_b/task3/trace_012,3,2
1848,set_b/task3/trace_012,3,2
1849,set_b/task3/trace_012,3,2
1850,set_b/task3/trace_012,3,4
1851,set_b/task3/trace_012,3,3
1852,set_b/task3/trace_013,3,5
1853,set_b/task3/trace_013,3,2
1854,set_b/task3/trace_013,3,2
1855,set_b/task3/trace_013,3,3
1856,set_b/task3/trace_013,3,2
1857,set_b/task3/trace_013,3,4
1858,set_b/task3/trace_013,3,3
1859,set_b/task3/trace_013,3,3
1860,set_b/task3/trace_013,3,2
1861,set_b/task3/trace_013,3,2
1862,set_b/task3/trace_013,3,4
1863,set_b/task3/trace_014,3,4
1864,set_b/task3/trace_014,3,2
1865,set_b/task3/trace_014,3,2
1866,set_b/task3/trace_014,3,5
1867,set_b/task3/trace_014,3,2
1868,set_b/task3/trace_014,3,2
1869,set_b/task3/trace_015,3,4
1870,set_b/task3/trace_015,3,2
1871,set_b/task3/trace_015,3,3
1872,set_b/task3/trace_015,3,2
1873,set_b/task3/trace_015,3,2
1874,set_b/task3/trace_015,3,2
1875,set_b/task3/trace_015,3,3
1876,set_b/task3/trace_015,3,3
1877,set_b/task3/trace_015,3,3
1878,set_b/task3/trace_015,3,2
1879,set_b/task3/trace_015,3,2
1880,set_b/task3/trace_015,3,2
1881,set_b/task3/trace_015,3,2
1882,set_b/task3/trace_015,3,3
1883,set_b/task3/trace_016,3,2
1884,set_b/task3/trace_016,3,2
1885,set_b/task3/trace_016,3,2
1886,set_b/task3/trace_016,3,2
1887,set_b/task3/trace_016,3,2
1888,set_b/task3/trace_016,3,4
1889,set_b/task3/trace_016,3,5
1890,set_b/task3/trace_016,3,3
1891,set_b/task3/trace_016,3,2
1892,set_b/task3/trace_016,3,5
1893,set_b/task3/trace_016,3,3
1894,set_b/task3/trace_016,3,2
1895,set_b/task3/trace_016,3,2
1896,set_b/task3/trace_016,3,4
1897,set_b/task3/trace_017,3,3
1898,set_b/task3/trace_017,3,2
1899,set_b/task3/trace_017,3,5
1900,set_b/task3/trace_017,3,2
1901,set_b/task3/trace_017,3,2
1902,set_b/task3/trace_017,3,2
1903,set_b/task3/trace_017,3,2
1904,set_b/task3/trace_017,3,6
1905,set_b/task3/trace_017,3,3
1906,set_b/task3/trace_017,3,2
1907,set_b/task3/trace_017,3,3
1908,set_b/task3/trace_017,3,3
1909,set_b/task3/trace_017,3,4
1910,set_b/task3/trace_017,3,4
1911,set_b/task3/trace_017,3,3
1912,set_b/task3/trace_018,3,3
1913,set_b/task3/trace_018,3,3
1914,set_b/task3/trace_019,3,3
1915,set_b/task3/trace_019,3,3
1916,set_b/task3/trace_019,3,5
1917,set_b/task3/trace_019,3,2
1918,set_b/task3/trace_019,3,3
1919,set_b/task3/trace_019,3,5
1920,set_b/task3/trace_019,3,3
1921,set_b/task3/trace_019,3,3
1922,set_b/task3/trace_020,3,2
1923,set_b/task3/trace_020,3,6
1924,set_b/task3/trace_020,3,3
1925,set_b/task3/trace_020,3,2
1926,set_b/task3/trace_020,3,3
1927,set_b/task3/trace_020,3,2
1928,set_b/task3/trace_020,3,3
1929,set_b/task3/trace_021,3,2
1930,set_b/task3/trace_021,3,3
1931,set_b/task3/trace_021,3,2
1932,set_b/task3/trace_021,3,8
1933,set_b/task3/trace_021,3,2
1934,set_b/task3/trace_021,3,4
1935,set_b/task3/trace_021,3,3
1936,set_b/task3/trace_021,3,2
1937,set_b/task3/trace_021,3,2
1938,set_b/task3/trace_021,3,4
1939,set_b/task3/trace_021,3,4
1940,set_b/task3/trace_021,3,2
1941,set_b/task3/trace_021,3,2
1942,set_b/task3/trace_021,3,2
1943,set_b/task3/trace_021,3,2
1944,set_b/task3/trace_022,3,3
1945,set_b/task3/trace_022,3,5
1946,set_b/task3/trace_022,3,2
1947,set_b/task3/trace_022,3,2
1948,set_b/task3/trace_022,3,2
1949,set_b/task3/trace_022,3,2
1950,set_b/task3/trace_022,3,4
1951,set_b/task3/trace_022,3,7
1952,set_b/task3/trace_022,3,3
1953,set_b/task3/trace_022,3,3
1954,set_b/task3/trace_022,3,4
1955,set_b/task3/trace_022,3,2
1956,set_b/task3/trace_022,3,2
1957,set_b/task3/trace_022,3,6
1958,set_b/task3/trace_022,3,2
1959,set_b/task3/trace_022,3,3
1960,set_b/task3/trace_024,3,2
1961,set_b/task3/trace_024,3,2
1962,set_b/task3/trace_024,3,4
1963,set_b/task3/trace_024,3,7
1964,set_b/task3/trace_024,3,2
1965,set_b/task3/trace_024,3,2
1966,set_b/task3/trace_024,3,2
1967,set_b/task3/trace_025,3,4
1968,set_b/task3/trace_025,3,4
1969,set_b/task3/trace_025,3,2
1970,set_b/task3/trace_025,3,2
1971,set_b/task3/trace_025,3,2
1972,set_b/task3/trace_025,3,3
1973,set_b/task3/trace_025,3,4
1974,set_b/task3/trace_025,3,2
1975,set_b/task3/trace_025,3,2
1976,set_b/task3/trace_025,3,3
1977,set_b/task3/trace_025,3,2
1978,set_b/task3/trace_025,3,3
1979,set_b/task3/trace_025,3,3
1980,set_b/task3/trace_026,3,3
1981,set_b/task3/trace_026,3,2
1982,set_b/task3/trace_026,3,2
1983,set_b/task3/trace_026,3,6
1984,set_b/task3/trace_026,3,5
1985,set_b/task3/trace_026,3,2
1986,set_b/task3/trace_026,3,4
1987,set_b/task3/trace_026,3,2
1988,set_b/task3/trace_026,3,2
1989,set_b/task3/trace_026,3,4
1990,set_b/task3/trace_026,3,3
1991,set_b/task3/trace_026,3,2
1992,set_b/task3/trace_027,3,2
1993,set_b/task3/trace_027,3,2
1994,set_b/task3/trace_027,3,2
1995,set_b/task3/trace_027,3,3
1996,set_b/task3/trace_027,3,3
1997,set_b/task3/trace_027,3,3
1998,set_b/task3/trace_027,3,4
1999,set_b/task3/trace_027,3,2
2000,set_b/task3/trace_028,3,2
2001,set_b/task3/trace_028,3,2
2002,set_b/task3/trace_028,3,2
2003,set_b/task3/trace_028,3,4
2004,set_b/task3/trace_028,3,3
2005,set_b/task3/trace_028,3,2
2006,set_b/task3/trace_028,3,2
2007,set_b/task3/trace_028,3,3
2008,set_b/task3/trace_028,3,6
2009,set_b/task3/trace_028,3,4
2010,set_b/task3/trace_028,3,4
2011,set_b/task3/trace_028,3,2
2012,set_b/task3/trace_028,3,3
2013,set_b/task3/trace_029,3,2
2014,set_b/task3/trace_029,3,2
2015,set_b/task3/trace_029,3,2
2016,set_b/task3/trace_029,3,2
2017,set_b/task3/trace_029,3,5
2018,set_b/task3/trace_029,3,3
2019,set_b/task3/trace_029,3,2
2020,set_b/task3/trace_029,3,3
2021,set_b/task3/trace_029,3,3
2022,set_b/task3/trace_029,3,2
2023,set_b/task3/trace_029,3,2
2024,set_b/task3/trace_029,3,2
2025,set_b/task3/trace_029,3,2
2026,set_b/task3/trace_029,3,2
2027,set_b/task3/trace_029,3,2
2028,set_b/task3/trace_029,3,2
2029,set_b/task3/trace_030,3,3
2030,set_b/task3/trace_030,3,2
2031,set_b/task3/trace_030,3,2
2032,set_b/task3/trace_030,3,4
2033,set_b/task3/trace_030,3,3
2034,set_b/task3/trace_031,3,5
2035,set_b/task3/trace_031,3,4
2036,set_b/task3/trace_031,3,3
2037,set_b/task3/trace_031,3,3
2038,set_b/task3/trace_031,3,3
2039,set_b/task3/trace_031,3,3
2040,set_b/task3/trace_031,3,3
2041,set_b/task3/trace_031,3,2
2042,set_b/task3/trace_031,3,5
2043,set_b/task3/trace_031,3,5
2044,set_b/task3/trace_031,3,4
2045,set_b/task3/trace_031,3,4
2046,set_b/task3/trace_031,3,2
2047,set_b/task3/trace_031,3,2
2048,set_b/task3/trace_032,3,3
2049,set_b/task3/trace_032,3,2
2050,set_b/task3/trace_032,3,4
2051,set_b/task3/trace_032,3,4
2052,set_b/task3/trace_032,3,2
2053,set_b/task3/trace_032,3,2
2054,set_b/task3/trace_032,3,8
2055,set_b/task3/trace_032,3,2
2056,set_b/task3/trace_032,3,2
2057,set_b/task3/trace_032,3,2
2058,set_b/task3/trace_033,3,2
2059,set_b/task3/trace_033,3,2
2060,set_b/task3/trace_033,3,6
2061,set_b/task3/trace_033,3,4
2062,set_b/task3/trace_033,3,2
2063,set_b/task3/trace_033,3,2
2064,set_b/task3/trace_033,3,3
2065,set_b/task3/trace_033,3,3
2066,set_b/task3/trace_033,3,2
2067,set_b/task3/trace_033,3,2
2068,set_b/task3/trace_033,3,5
2069,set_b/task3/trace_033,3,2
2070,set_b/task3/trace_033,3,2
2071,set_b/task3/trace_034,3,2
2072,set_b/task3/trace_034,3,2
2073,set_b/task3/trace_034,3,2
2074,set_b/task3/trace_034,3,2
2075,set_b/task3/trace_034,3,2
2076,set_b/task3/trace_034,3,4
2077,set_b/task3/trace_034,3,5
2078,set_b/task3/trace_035,3,2
2079,set_b/task3/trace_035,3,2
2080,set_b/task3/trace_035,3,2
2081,set_b/task3/trace_035,3,3
2082,set_b/task3/trace_035,3,3
2083,set_b/task3/trace_035,3,2
2084,set_b/task3/trace_035,3,3
2085,set_b/task3/trace_035,3,2
2086,set_b/task3/trace_035,3,3
2087,set_b/task3/trace_035,3,3
2088,set_b/task3/trace_035,3,2
2089,set_b/task3/trace_035,3,9
2090,set_b/task3/trace_035,3,4
2091,set_b/task3/trace_035,3,2
2092,set_b/task3/trace_035,3,2
2093,set_b/task3/trace_035,3,4
2094,set_b/task3/trace_036,3,2
2095,set_b/task3/trace_036,3,2
2096,set_b/task3/trace_036,3,2
2097,set_b/task3/trace_036,3,3
2098,set_b/task3/trace_036,3,4
2099,set_b/task3/trace_036,3,3
2100,set_b/task3/trace_036,3,7
2101,set_b/task3/trace_036,3,2
2102,set_b/task3/trace_036,3,2
2103,set_b/task3/trace_036,3,5
2104,set_b/task3/trace_036,3,3
2105,set_b/task3/trace_036,3,2
2106,set_b/task3/trace_036,3,2
2107,set_b/task3/trace_036,3,2
2108,set_b/task3/trace_037,3,2
2109,set_b/task3/trace_037,3,4
2110,set_b/task3/trace_037,3,2
2111,set_b/task3/trace_037,3,2
2112,set_b/task3/trace_037,3,3
2113,set_b/task3/trace_037,3,2
2114,set_b/task3/trace_037,3,3
2115,set_b/task3/trace_038,3,6
2116,set_b/task3/trace_038,3,5
2117,set_b/task3/trace_038,3,2
2118,set_b/task3/trace_038,3,2
2119,set_b/task3/trace_038,3,2
2120,set_b/task3/trace_038,3,3
2121,set_b/task3/trace_038,3,2
2122,set_b/task3/trace_038,3,3
2123,set_b/task3/trace_038,3,3
2124,set_b/task3/trace_038,3,2
2125,set_b/task3/trace_038,3,4
2126,set_b/task3/trace_039,3,3
2127,set_b/task3/trace_039,3,3
2128,set_b/task3/trace_039,3,4
2129,set_b/task3/trace_039,3,4
2130,set_b/task3/trace_039,3,3
2131,set_b/task3/trace_039,3,5
2132,set_b/task3/trace_039,3,4
2133,set_b/task3/trace_039,3,2
2134,set_b/task3/trace_039,3,4
2135,set_b/task3/trace_040,3,5
2136,set_b/task3/trace_040,3,2
2137,set_b/task3/trace_040,3,5
2138,set_b/task3/trace_040,3,2
2139,set_b/task3/trace_040,3,5
2140,set_b/task3/trace_040,3,3
2141,set_b/task3/trace_040,3,2
2142,set_b/task3/trace_040,3,3
2143,set_b/task3/trace_040,3,2
2144,set_b/task3/trace_040,3,6
2145,set_b/task3/trace_040,3,2
2146,set_b/task3/trace_040,3,4
2147,set_b/task3/trace_040,3,2
2148,set_b/task3/trace_040,3,4
2149,set_b/task3/trace_040,3,2
2150,set_b/task3/trace_040,3,5
2151,set_b/task4/trace_001,4,7
2152,set_b/task4/trace_001,4,2
2153,set_b/task4/trace_001,4,2
2154,set_b/task4/trace_001,4,3
2155,set_b/task4/trace_001,4,2
2156,set_b/task4/trace_001,4,2
2157,set_b/task4/trace_001,4,2
2158,set_b/task4/trace_001,4,5
2159,set_b/task4/trace_001,4,5
2160,set_b/task4/trace_001,4,2
2161,set_b/task4/trace_001,4,2
2162,set_b/task4/trace_002,4,2
2163,set_b/task4/trace_002,4,3
2164,set_b/task4/trace_002,4,3
2165,set_b/task4/trace_003,4,3
2166,set_b/task4/trace_003,4,2
2167,set_b/task4/trace_004,4,2
2168,set_b/task4/trace_004,4,2
2169,set_b/task4/trace_004,4,3
2170,set_b/task4/trace_004,4,2
2171,set_b/task4/trace_004,4,4
2172,set_b/task4/trace_004,4,4
2173,set_b/task4/trace_004,4,2
2174,set_b/task4/trace_004,4,4
2175,set_b/task4/trace_005,4,4
2176,set_b/task4/trace_005,4,2
2177,set_b/task4/trace_006,4,2
2178,set_b/task4/trace_006,4,6
2179,set_b/task4/trace_006,4,3
2180,set_b/task4/trace_006,4,2
2181,set_b/task4/trace_007,4,2
2182,set_b/task4/trace_007,4,6
2183,set_b/task4/trace_007,4,2
2184,set_b/task4/trace_007,4,2
2185,set_b/task4/trace_007,4,2
2186,set_b/task4/trace_007,4,2
2187,set_b/task4/trace_007,4,2
2188,set_b/task4/trace_008,4,5
2189,set_b/task4/trace_008,4,2
2190,set_b/task4/trace_008,4,5
2191,set_b/task4/trace_008,4,4
2192,set_b/task4/trace_009,4,3
2193,set_b/task4/trace_009,4,5
2194,set_b/task4/trace_009,4,2
2195,set_b/task4/trace_010,4,2
2196,set_b/task4/trace_010,4,2
2197,set_b/task4/trace_010,4,2
2198,set_b/task4/trace_011,4,3
2199,set_b/task4/trace_011,4,7
2200,set_b/task4/trace_011,4,2
2201,set_b/task4/trace_011,4,2
2202,set_b/task4/trace_013,4,3
2203,set_b/task4/trace_013,4,3
2204,set_b/task4/trace_013,4,5
2205,set_b/task4/trace_013,4,4
2206,set_b/task4/trace_013,4,2
2207,set_b/task4/trace_013,4,2
2208,set_b/task4/trace_013,4,5
2209,set_b/task4/trace_013,4,3
2210,set_b/task4/trace_013,4,2
2211,set_b/task4/trace_013,4,2
2212,set_b/task4/trace_013,4,4
2213,set_b/task4/trace_013,4,2
2214,set_b/task4/trace_013,4,2
2215,set_b/task4/trace_013,4,3
2216,set_b/task4/trace_013,4,2
2217,set_b/task4/trace_014,4,2
2218,set_b/task4/trace_014,4,4
2219,set_b/task4/trace_014,4,2
2220,set_b/task4/trace_014,4,3
2221,set_b/task4/trace_014,4,5
2222,set_b/task4/trace_014,4,6
2223,set_b/task4/trace_014,4,2
2224,set_b/task4/trace_014,4,3
2225,set_b/task4/trace_014,4,2
2226,set_b/task4/trace_014,4,6
2227,set_b/task4/trace_014,4,2
2228,set_b/task4/trace_014,4,2
2229,set_b/task4/trace_014,4,3
2230,set_b/task4/trace_014,4,2
2231,set_b/task4/trace_014,4,2
2232,set_b/task4/trace_014,4,5
2233,set_b/task4/trace_014,4,3
2234,set_b/task4/trace_014,4,4
2235,set_b/task4/trace_015,4,2
2236,set_b/task4/trace_015,4,4
2237,set_b/task4/trace_015,4,2
2238,set_b/task4/trace_015,4,3
2239,set_b/task4/trace_015,4,2
2240,set_b/task4/trace_015,4,2
2241,set_b/task4/trace_015,4,3
2242,set_b/task4/trace_015,4,2
2243,set_b/task4/trace_015,4,2
2244,set_b/task4/trace_015,4,3
2245,set_b/task4/trace_015,4,2
2246,set_b/task4/trace_016,4,2
2247,set_b/task4/trace_016,4,3
2248,set_b/task4/trace_016,4,2
2249,set_b/task4/trace_016,4,6
2250,set_b/task4/trace_016,4,3
2251,set_b/task4/trace_016,4,4
2252,set_b/task4/trace_016,4,3
2253,set_b/task4/trace_016,4,2
2254,set_b/task4/trace_016,4,3
2255,set_b/task4/trace_016,4,2
2256,set_b/task4/trace_016,4,2
2257,set_b/task4/trace_016,4,7
2258,set_b/task4/trace_017,4,2
2259,set_b/task4/trace_017,4,2
2260,set_b/task4/trace_017,4,2
2261,set_b/task4/trace_017,4,2
2262,set_b/task4/trace_017,4,4
2263,set_b/task4/trace_017,4,2
2264,set_b/task4/trace_018,4,3
2265,set_b/task4/trace_018,4,2
2266,set_b/task4/trace_018,4,2
2267,set_b/task4/trace_018,4,3
2268,set_b/task4/trace_020,4,2
2269,set_b/task4/trace_020,4,3
2270,set_b/task4/trace_020,4,2
2271,set_b/task4/trace_020,4,6
2272,set_b/task4/trace_020,4,2
2273,set_b/task4/trace_020,4,3
2274,set_b/task4/trace_020,4,2
2275,set_b/task4/trace_020,4,2
2276,set_b/task4/trace_020,4,3
2277,set_b/task4/trace_020,4,2
2278,set_b/task4/trace_020,4,2
2279,set_b/task4/trace_020,4,3
2280,set_b/task4/trace_021,4,3
2281,set_b/task4/trace_021,4,2
2282,set_b/task4/trace_021,4,3
2283,set_b/task4/trace_021,4,3
2284,set_b/task4/trace_021,4,3
2285,set_b/task4/trace_021,4,6
2286,set_b/task4/trace_021,4,4
2287,set_b/task4/trace_021,4,3
2288,set_b/task4/trace_021,4,4
2289,set_b/task4/trace_021,4,6
2290,set_b/task4/trace_021,4,3
2291,set_b/task4/trace_022,4,2
2292,set_b/task4/trace_022,4,2
2293,set_b/task4/trace_022,4,2
2294,set_b/task4/trace_022,4,4
2295,set_b/task4/trace_025,4,3
2296,set_b/task4/trace_025,4,2
2297,set_b/task4/trace_025,4,4
2298,set_b/task4/trace_025,4,2
2299,set_b/task4/trace_025,4,2
2300,set_b/task4/trace_025,4,2
2301,set_b/task4/trace_025,4,2
2302,set_b/task4/trace_025,4,6
2303,set_b/task4/trace_025,4,2
2304,set_b/task4/trace_025,4,3
2305,set_b/task4/trace_025,4,3
2306,set_b/task4/trace_025,4,5
2307,set_b/task4/trace_025,4,2
2308,set_b/task4/trace_025,4,3
2309,set_b/task4/trace_025,4,2
2310,set_b/task4/trace_025,4,2
2311,set_b/task4/trace_025,4,3
2312,set_b/task4/trace_025,4,2
2313,set_b/task4/trace_025,4,4
2314,set_b/task4/trace_025,4,3
2315,set_b/task4/trace_026,4,2
2316,set_b/task4/trace_026,4,2
2317,set_b/task4/trace_026,4,2
2318,set_b/task4/trace_026,4,2
2319,set_b/task4/trace_026,4,3
2320,set_b/task4/trace_026,4,3
2321,set_b/task4/trace_026,4,3
2322,set_b/task4/trace_026,4,2
2323,set_b/task4/trace_026,4,3
2324,set_b/task4/trace_026,4,2
2325,set_b/task4/trace_026,4,2
2326,set_b/task4/trace_026,4,3
2327,set_b/task4/trace_027,4,2
2328,set_b/task4/trace_027,4,2
2329,set_b/task4/trace_027,4,2
2330,set_b/task4/trace_027,4,3
2331,set_b/task4/trace_027,4,2
2332,set_b/task4/trace_027,4,5
2333,set_b/task4/trace_027,4,2
2334,set_b/task4/trace_027,4,2
2335,set_b/task4/trace_027,4,3
2336,set_b/task4/trace_027,4,2
2337,set_b/task4/trace_027,4,2
2338,set_b/task4/trace_028,4,3
2339,set_b/task4/trace_028,4,2
2340,set_b/task4/trace_028,4,2
2341,set_b/task4/trace_028,4,3
2342,set_b/task4/trace_028,4,2
2343,set_b/task4/trace_028,4,3
2344,set_b/task4/trace_028,4,4
2345,set_b/task4/trace_028,4,3
2346,set_b/task4/trace_028,4,4
2347,set_b/task4/trace_028,4,5
2348,set_b/task4/trace_028,4,3
2349,set_b/task4/trace_030,4,2
2350,set_b/task4/trace_030,4,3
2351,set_b/task4/trace_030,4,4
2352,set_b/task4/trace_032,4,4
2353,set_b/task4/trace_032,4,2
2354,set_b/task4/trace_032,4,6
2355,set_b/task4/trace_032,4,2
2356,set_b/task4/trace_032,4,4
2357,set_b/task4/trace_032,4,5
2358,set_b/task4/trace_032,4,3
2359,set_b/task4/trace_032,4,6
2360,set_b/task4/trace_032,4,3
2361,set_b/task4/trace_032,4,2
2362,set_b/task4/trace_032,4,4
2363,set_b/task4/trace_032,4,2
2364,set_b/task4/trace_032,4,2
2365,set_b/task4/trace_032,4,5
2366,set_b/task4/trace_033,4,2
2367,set_b/task4/trace_034,4,3
2368,set_b/task4/trace_034,4,2
2369,set_b/task4/trace_034,4,4
2370,set_b/task4/trace_034,4,3
2371,set_b/task4/trace_034,4,2
2372,set_b/task4/trace_034,4,3
2373,set_b/task4/trace_035,4,7
2374,set_b/task4/trace_035,4,2
2375,set_b/task4/trace_035,4,2
2376,set_b/task4/trace_035,4,2
2377,set_b/task4/trace_035,4,2
2378,set_b/task4/trace_035,4,2
2379,set_b/task4/trace_036,4,2
2380,set_b/task4/trace_036,4,5
2381,set_b/task4/trace_036,4,2
2382,set_b/task4/trace_036,4,2
2383,set_b/task4/trace_036,4,4
2384,set_b/task4/trace_036,4,2
2385,set_b/task4/trace_037,4,4
2386,set_b/task4/trace_037,4,4
2387,set_b/task4/trace_037,4,2
2388,set_b/task4/trace_037,4,2
2389,set_b/task4/trace_037,4,3
2390,set_b/task4/trace_037,4,4
2391,set_b/task4/trace_037,4,2
2392,set_b/task4/trace_037,4,3
2393,set_b/task4/trace_037,4,2
2394,set_b/task4/trace_037,4,4
2395,set_b/task4/trace_037,4,3
2396,set_b/task4/trace_037,4,3
2397,set_b/task4/trace_037,4,3
2398,set_b/task4/trace_037,4,2
2399,set_b/task4/trace_037,4,4
2400,set_b/task4/trace_037,4,2
2401,set_b/task4/trace_038,4,2
2402,set_b/task4/trace_038,4,3
2403,set_b/task4/trace_038,4,4
2404,set_b/task4/trace_039,4,2
2405,set_b/task4/trace_039,4,2
2406,set_b/task4/trace_039,4,2
2407,set_b/task4/trace_039,4,2
2408,set_b/task4/trace_039,4,2
2409,set_b/task4/trace_040,4,2
2410,set_b/task4/trace_040,4,3
2411,set_b/task4/trace_040,4,2
2412,set_b/task4/trace_040,4,4
2413,set_b/task4/trace_040,4,7
2414,set_b/task4/trace_040,4,3
2415,set_b/task4/trace_040,4,2
2416,set_b/task4/trace_040,4,7
2417,set_b/task4/trace_040,4,2
